[
{
  "model": "authentication.user_role",
  "pk": "525c7407-dc9e-4220-9a89-9ad6ae00e7f5",
  "fields": {
    "name": "admin",
    "description": "He's everything"
  }
},
{
  "model": "authentication.user_role",
  "pk": "c0249bc4-80bc-4080-aeff-1a285ac0f3af",
  "fields": {
    "name": "staff",
    "description": "employee"
  }
},
{
  "model": "authentication.user_role",
  "pk": "d5bc5492-f2ed-4300-9b98-d19332f8c2c3",
  "fields": {
    "name": "tour_guide",
    "description": "can sell"
  }
},
{
  "model": "authentication.user_role",
  "pk": "e2ead997-e584-4cfd-93f3-646d98e7c411",
  "fields": {
    "name": "customer",
    "description": ""
  }
},
{
  "model": "authentication.user",
  "pk": "0bb13a1d-e5f2-4c68-a5c4-0ee708168954",
  "fields": {
    "password": "pbkdf2_sha256$720000$casYuNhVcGSs6GMIHiC1RR$kLcwWvf67j6BPW9uLkd7z9NSruPKqmVPZsVzn/S1zYk=",
    "last_login": "2024-02-04T08:51:20.371Z",
    "is_superuser": false,
    "username": "staff",
    "first_name": "Ms",
    "last_name": "Staff",
    "email": "staff@123.com",
    "is_staff": true,
    "is_active": true,
    "date_joined": "2024-01-25T16:20:09Z",
    "fullname": "Ms Staff",
    "role": "c0249bc4-80bc-4080-aeff-1a285ac0f3af",
    "phone": "0963180249",
    "registration_method": "email",
    "groups": [],
    "user_permissions": []
  }
},
{
  "model": "authentication.user",
  "pk": "33be413a-dd3e-477a-ac7a-e8280c33ebbf",
  "fields": {
    "password": "pbkdf2_sha256$720000$nrhq0zhWj2M88nFjtofzhu$02jMLpzeNi4SOjSOY1OgQKDCxTKTqgN5eXKD47ogLM8=",
    "last_login": "2024-01-31T19:47:41.518Z",
    "is_superuser": false,
    "username": "tourguide",
    "first_name": "Mr",
    "last_name": "Tourguide",
    "email": "tourguide@123.com",
    "is_staff": false,
    "is_active": true,
    "date_joined": "2024-01-25T16:19:24Z",
    "fullname": "Mr Tourguide",
    "role": "d5bc5492-f2ed-4300-9b98-d19332f8c2c3",
    "phone": "0963180249",
    "registration_method": "email",
    "groups": [],
    "user_permissions": []
  }
},
{
  "model": "authentication.user",
  "pk": "35e74bc7-c3d3-4e7d-be44-8c2ac13ca096",
  "fields": {
    "password": "pbkdf2_sha256$720000$R3yijzvR6P9MGSDjFEw4Yi$JCZSPh5rwSmRYwyogeLAu90AiatOWaos7dDJpI3axbU=",
    "last_login": "2024-02-05T07:15:34.183Z",
    "is_superuser": false,
    "username": "customer",
    "first_name": "MR",
    "last_name": "Customer",
    "email": "customer@123.com",
    "is_staff": false,
    "is_active": true,
    "date_joined": "2024-01-26T16:04:04.026Z",
    "fullname": "Mr Customer",
    "role": "e2ead997-e584-4cfd-93f3-646d98e7c411",
    "phone": "0123456789",
    "registration_method": "email",
    "groups": [],
    "user_permissions": []
  }
},
{
  "model": "authentication.user",
  "pk": "38a42599-1550-4a4a-9de9-a7caf8068433",
  "fields": {
    "password": "pbkdf2_sha256$720000$3OUSLpRudvSa8vvc9pEDf1$10QRin+N+yHWG4SG8DwafYqSDiEn59EBRNV/4iVB8bM=",
    "last_login": "2024-01-27T08:41:17.934Z",
    "is_superuser": true,
    "username": "derleng",
    "first_name": "",
    "last_name": "",
    "email": "derleng@123.com",
    "is_staff": true,
    "is_active": true,
    "date_joined": "2024-01-25T15:51:38Z",
    "fullname": "Mr Derleng",
    "role": "525c7407-dc9e-4220-9a89-9ad6ae00e7f5",
    "phone": "0963180249",
    "registration_method": "email",
    "groups": [],
    "user_permissions": []
  }
},
{
  "model": "authentication.user",
  "pk": "3c807f9b-7e76-4bcc-832c-8a0b2864794f",
  "fields": {
    "password": "pbkdf2_sha256$720000$MVYorx2VwnKIwicOBbdN2Y$kaLLLx8A7h/SQUkm/qX5/Mwc2nwcdQERgFI/16zkVlk=",
    "last_login": "2024-01-31T18:21:35.630Z",
    "is_superuser": true,
    "username": "vendara",
    "first_name": "",
    "last_name": "",
    "email": "vendara@123.com",
    "is_staff": true,
    "is_active": true,
    "date_joined": "2024-01-25T15:52:48Z",
    "fullname": "VEN Dara",
    "role": "525c7407-dc9e-4220-9a89-9ad6ae00e7f5",
    "phone": "0963180249",
    "registration_method": "email",
    "groups": [],
    "user_permissions": []
  }
},
{
  "model": "authentication.user",
  "pk": "97e15a02-f15a-4e9a-9dc3-b07480657055",
  "fields": {
    "password": "pbkdf2_sha256$720000$MnLqgGkV3HNRJ4wGNw7AAn$QSJN0UWxacDhxbdG/I9/Ao1P6sW7ES8yfuJRkjIlzNg=",
    "last_login": "2024-01-26T16:02:40.381Z",
    "is_superuser": false,
    "username": "hello",
    "first_name": "Mr",
    "last_name": "Hello",
    "email": "hello@123.com",
    "is_staff": false,
    "is_active": true,
    "date_joined": "2024-01-25T16:20:51.468Z",
    "fullname": "Mr Hello",
    "role": "e2ead997-e584-4cfd-93f3-646d98e7c411",
    "phone": "0123456789",
    "registration_method": "email",
    "groups": [],
    "user_permissions": []
  }
},
{
  "model": "authentication.user",
  "pk": "da409f13-3a34-443e-9e9e-fbcd2cbb7994",
  "fields": {
    "password": "!cM0eMAtWb3SGEfrixtdRPtMMpas86NEmSuHNRF6P",
    "last_login": null,
    "is_superuser": false,
    "username": "vendara.work",
    "first_name": "Ven",
    "last_name": "Dara",
    "email": "vendara.work@gmail.com",
    "is_staff": false,
    "is_active": true,
    "date_joined": "2024-02-04T07:55:32.608Z",
    "fullname": "Ven Dara",
    "role": "e2ead997-e584-4cfd-93f3-646d98e7c411",
    "phone": "",
    "registration_method": "email",
    "groups": [],
    "user_permissions": []
  }
},
{
  "model": "authentication.user",
  "pk": "e277a373-26ff-4176-a5ed-807ce3b417e1",
  "fields": {
    "password": "!W1qBK3yewSMTJS7ViCMxiscLisJT3cMaXd1acTmw",
    "last_login": null,
    "is_superuser": false,
    "username": "vendara.389",
    "first_name": "Ven",
    "last_name": "Dara",
    "email": "vendara.389@gmail.com",
    "is_staff": false,
    "is_active": true,
    "date_joined": "2024-02-04T07:31:50.694Z",
    "fullname": "Ven Dara",
    "role": "e2ead997-e584-4cfd-93f3-646d98e7c411",
    "phone": "",
    "registration_method": "email",
    "groups": [],
    "user_permissions": []
  }
},
{
  "model": "authentication.user",
  "pk": "f21fc5eb-34d4-43ce-af59-e7b1788da440",
  "fields": {
    "password": "pbkdf2_sha256$720000$xdDOVseEjIV8COw7WCRQ5P$SD0fkZ/9eyyrb+70kHLoXl47V/Gi79UAVlaVYfR6vks=",
    "last_login": "2024-01-26T15:46:13.227Z",
    "is_superuser": true,
    "username": "bunheng",
    "first_name": "",
    "last_name": "",
    "email": "bunheng@123.com",
    "is_staff": true,
    "is_active": true,
    "date_joined": "2024-01-25T16:27:20Z",
    "fullname": "Bun Heng",
    "role": "525c7407-dc9e-4220-9a89-9ad6ae00e7f5",
    "phone": "0963180249",
    "registration_method": "email",
    "groups": [],
    "user_permissions": []
  }
},
{
  "model": "derleng.profile_image",
  "pk": "a31b1417-7e8d-4a25-9377-99402c8b931b",
  "fields": {
    "user": "33be413a-dd3e-477a-ac7a-e8280c33ebbf",
    "image": "images/initail_profile_images/4736352.png",
    "type": "profile",
    "is_active": true,
    "created_at": "2024-01-25T16:25:16.097Z"
  }
},
{
  "model": "derleng.profile_image",
  "pk": "b694628b-9f97-47cb-a7d7-d295455d0380",
  "fields": {
    "user": "3c807f9b-7e76-4bcc-832c-8a0b2864794f",
    "image": "images/initail_profile_images/Untitled_design_YoyaYQT.png",
    "type": "profile",
    "is_active": true,
    "created_at": "2024-01-25T16:23:44.182Z"
  }
},
{
  "model": "derleng.profile_image",
  "pk": "f27d4e57-a1ca-444d-bf7c-3ad2479ee493",
  "fields": {
    "user": "0bb13a1d-e5f2-4c68-a5c4-0ee708168954",
    "image": "images/initail_profile_images/3849701_stock-vector-angry-girl.jpg",
    "type": "profile",
    "is_active": true,
    "created_at": "2024-01-25T16:26:42.377Z"
  }
},
{
  "model": "derleng.profile_image",
  "pk": "fbea848c-7944-4995-853b-ca1f4c61159a",
  "fields": {
    "user": "38a42599-1550-4a4a-9de9-a7caf8068433",
    "image": "images/initail_profile_images/GettyImages-865119770.jpg",
    "type": "profile",
    "is_active": true,
    "created_at": "2024-01-25T16:24:05.499Z"
  }
},
{
  "model": "derleng.category",
  "pk": "15b9fc8c-637c-48fc-b60a-69091d2dc3f8",
  "fields": {
    "name": "temple"
  }
},
{
  "model": "derleng.category",
  "pk": "6d8c7924-36b9-4d12-aa81-488b35efa5aa",
  "fields": {
    "name": "sea"
  }
},
{
  "model": "derleng.category",
  "pk": "75646237-76cd-41bf-82e4-c2eb435a73b7",
  "fields": {
    "name": "artventure"
  }
},
{
  "model": "derleng.category",
  "pk": "91d2ad1e-b8ad-4772-a5f1-c066156f799e",
  "fields": {
    "name": "mountain"
  }
},
{
  "model": "derleng.category",
  "pk": "c49ed9cb-0933-4ed3-b359-ce08006b2de2",
  "fields": {
    "name": "camping"
  }
},
{
  "model": "derleng.commission",
  "pk": "613b6caf-7bee-4d6d-a58a-c1641eb21a4f",
  "fields": {
    "type": "free",
    "percentage_of_sale_price": "0.00"
  }
},
{
  "model": "derleng.commission",
  "pk": "cfaec487-6a90-4992-9b86-651a2f588b90",
  "fields": {
    "type": "normal",
    "percentage_of_sale_price": "5.00"
  }
},
{
  "model": "derleng.package",
  "pk": "0ed81905-718d-4584-85df-460dc875fbe0",
  "fields": {
    "user": "0bb13a1d-e5f2-4c68-a5c4-0ee708168954",
    "name": "Phnom Penh River",
    "description": "Phnom Penh River is good.",
    "category": "6d8c7924-36b9-4d12-aa81-488b35efa5aa",
    "percentage_discount": "0.00",
    "tour_place_coordinate": "{\"lng\":300, \"lat\":200}",
    "address": "Phnom Penh",
    "video_url": "https://www.youtube.com/watch?v=2J5uRcaiZcE&list=RD2J5uRcaiZcE&start_radio=1&ab_channel=14FAM",
    "commission": "cfaec487-6a90-4992-9b86-651a2f588b90",
    "is_close": false
  }
},
{
  "model": "derleng.package",
  "pk": "6683efb8-cf1e-4ca5-a781-ba44e8502689",
  "fields": {
    "user": "33be413a-dd3e-477a-ac7a-e8280c33ebbf",
    "name": "Bokor mountain",
    "description": "Bokor is cute",
    "category": "15b9fc8c-637c-48fc-b60a-69091d2dc3f8",
    "percentage_discount": "0.00",
    "tour_place_coordinate": "{\"lng\":100, \"lat\":200}",
    "address": "Kompot Province",
    "video_url": "https://www.youtube.com/watch?v=2J5uRcaiZcE&list=RD2J5uRcaiZcE&start_radio=1&ab_channel=14FAM",
    "commission": "cfaec487-6a90-4992-9b86-651a2f588b90",
    "is_close": false
  }
},
{
  "model": "derleng.package",
  "pk": "6fd57721-5123-4fe0-b6c3-a0a17cb8d99e",
  "fields": {
    "user": "33be413a-dd3e-477a-ac7a-e8280c33ebbf",
    "name": "Tour To KPS",
    "description": "Bokor is cute",
    "category": "15b9fc8c-637c-48fc-b60a-69091d2dc3f8",
    "percentage_discount": "0.00",
    "tour_place_coordinate": "{\"lng\":100, \"lat\":200}",
    "address": "Kompot Province",
    "video_url": "https://www.youtube.com/watch?v=2J5uRcaiZcE&list=RD2J5uRcaiZcE&start_radio=1&ab_channel=14FAM",
    "commission": "cfaec487-6a90-4992-9b86-651a2f588b90",
    "is_close": false
  }
},
{
  "model": "derleng.package",
  "pk": "6fd827b8-976f-4748-89a5-e3a29083c98e",
  "fields": {
    "user": "3c807f9b-7e76-4bcc-832c-8a0b2864794f",
    "name": "Bokor Mountain",
    "description": "Preah Vihea Temple is a beautiful place.",
    "category": "6d8c7924-36b9-4d12-aa81-488b35efa5aa",
    "percentage_discount": "0.00",
    "tour_place_coordinate": "{\"lng\":100, \"lat\":200}",
    "address": "Kompot",
    "video_url": "https://www.youtube.com/watch?v=2J5uRcaiZcE&list=RD2J5uRcaiZcE&start_radio=1&ab_channel=14FAM",
    "commission": "cfaec487-6a90-4992-9b86-651a2f588b90",
    "is_close": false
  }
},
{
  "model": "derleng.package",
  "pk": "abae2460-75ec-4439-a4a3-666a72b8ea53",
  "fields": {
    "user": "0bb13a1d-e5f2-4c68-a5c4-0ee708168954",
    "name": "Bokor mountain",
    "description": "Bokor is cute",
    "category": "15b9fc8c-637c-48fc-b60a-69091d2dc3f8",
    "percentage_discount": "0.00",
    "tour_place_coordinate": "{\"lng\":100, \"lat\":200}",
    "address": "Kompot Province",
    "video_url": "https://www.youtube.com/watch?v=2J5uRcaiZcE&list=RD2J5uRcaiZcE&start_radio=1&ab_channel=14FAM",
    "commission": "cfaec487-6a90-4992-9b86-651a2f588b90",
    "is_close": false
  }
},
{
  "model": "derleng.package",
  "pk": "b658776b-135d-40ba-a4e5-01f089548a92",
  "fields": {
    "user": "3c807f9b-7e76-4bcc-832c-8a0b2864794f",
    "name": "Preah Vihea Temple",
    "description": "Preah Vihea Temple is a beautiful place.",
    "category": "6d8c7924-36b9-4d12-aa81-488b35efa5aa",
    "percentage_discount": "0.00",
    "tour_place_coordinate": "{\"lng\":100, \"lat\":200}",
    "address": "Preah Vihea",
    "video_url": "https://www.youtube.com/watch?v=2J5uRcaiZcE&list=RD2J5uRcaiZcE&start_radio=1&ab_channel=14FAM",
    "commission": "cfaec487-6a90-4992-9b86-651a2f588b90",
    "is_close": false
  }
},
{
  "model": "derleng.package",
  "pk": "c327b5ff-9c6b-4524-88cb-26c87ebc4279",
  "fields": {
    "user": "33be413a-dd3e-477a-ac7a-e8280c33ebbf",
    "name": "Bokor mountain",
    "description": "Bokor is cute",
    "category": "15b9fc8c-637c-48fc-b60a-69091d2dc3f8",
    "percentage_discount": "0.00",
    "tour_place_coordinate": "{\"lng\":100, \"lat\":200}",
    "address": "Kompot Province",
    "video_url": "https://www.youtube.com/watch?v=2J5uRcaiZcE&list=RD2J5uRcaiZcE&start_radio=1&ab_channel=14FAM",
    "commission": "cfaec487-6a90-4992-9b86-651a2f588b90",
    "is_close": false
  }
},
{
  "model": "derleng.package_image",
  "pk": "0ff07df0-bbde-4b0a-85df-c639ec7b7ead",
  "fields": {
    "package": "c327b5ff-9c6b-4524-88cb-26c87ebc4279",
    "image": "images/package_images/a4694401-69a7-4251-b6a2-ab24c60479dc_fEbhpr4.jpg",
    "type": "normal"
  }
},
{
  "model": "derleng.package_image",
  "pk": "10c28a59-86dd-44fa-952d-53e465a3c539",
  "fields": {
    "package": "6fd57721-5123-4fe0-b6c3-a0a17cb8d99e",
    "image": "images/package_images/Angkor_Wat_Temple_ouyBB1d.jpg",
    "type": "thumbnail"
  }
},
{
  "model": "derleng.package_image",
  "pk": "1a2a4f9e-9c55-4b13-a144-53818899f185",
  "fields": {
    "package": "0ed81905-718d-4584-85df-460dc875fbe0",
    "image": "images/initail_package_images/Angkor_Wat_Temple_IfIifAn.jpg",
    "type": "normal"
  }
},
{
  "model": "derleng.package_image",
  "pk": "1b469905-ea0f-4272-be97-d58cbd8080a0",
  "fields": {
    "package": "6fd57721-5123-4fe0-b6c3-a0a17cb8d99e",
    "image": "images/package_images/TB_Waterfall_vrLxEym.jpg",
    "type": "cover"
  }
},
{
  "model": "derleng.package_image",
  "pk": "254dd8ff-c090-41bd-836d-f80d69ee0538",
  "fields": {
    "package": "0ed81905-718d-4584-85df-460dc875fbe0",
    "image": "images/package_images/TB_Waterfall_Hacld5G.jpg",
    "type": "cover"
  }
},
{
  "model": "derleng.package_image",
  "pk": "2722acaf-d188-491d-a95f-54649d6718fc",
  "fields": {
    "package": "6683efb8-cf1e-4ca5-a781-ba44e8502689",
    "image": "images/package_images/Angkor_Wat_Temple_wI1vGtB.jpg",
    "type": "thumbnail"
  }
},
{
  "model": "derleng.package_image",
  "pk": "36903083-dd2f-4849-b786-6ff4290cda23",
  "fields": {
    "package": "b658776b-135d-40ba-a4e5-01f089548a92",
    "image": "images/initail_package_images/Angkor_Wat_Temple.jpg",
    "type": "normal"
  }
},
{
  "model": "derleng.package_image",
  "pk": "3990573a-4a55-4fd1-86d8-7beed97eab47",
  "fields": {
    "package": "6fd827b8-976f-4748-89a5-e3a29083c98e",
    "image": "images/initail_package_images/Bokor_palace_hotel_Cambodia.jpg",
    "type": "normal"
  }
},
{
  "model": "derleng.package_image",
  "pk": "40fb7605-5f93-441e-87cd-91de9c9de7c2",
  "fields": {
    "package": "6fd827b8-976f-4748-89a5-e3a29083c98e",
    "image": "images/initail_package_images/GettyImages-865119770_Xr4jIRc.jpg",
    "type": "normal"
  }
},
{
  "model": "derleng.package_image",
  "pk": "41aec313-8687-4d18-bb2b-46980c0a099d",
  "fields": {
    "package": "c327b5ff-9c6b-4524-88cb-26c87ebc4279",
    "image": "images/package_images/Angkor_Wat_Temple_sVwXaxG.jpg",
    "type": "thumbnail"
  }
},
{
  "model": "derleng.package_image",
  "pk": "49c646bb-55e1-44fb-b25c-8f32de0caf53",
  "fields": {
    "package": "6683efb8-cf1e-4ca5-a781-ba44e8502689",
    "image": "images/package_images/a4694401-69a7-4251-b6a2-ab24c60479dc_ZJgvecx.jpg",
    "type": "normal"
  }
},
{
  "model": "derleng.package_image",
  "pk": "4fefdd63-c21f-4731-b8ee-b2fd516f2ade",
  "fields": {
    "package": "6683efb8-cf1e-4ca5-a781-ba44e8502689",
    "image": "images/package_images/16013937538_336f675b6d_o-scaled_gIHAGU3.jpg",
    "type": "normal"
  }
},
{
  "model": "derleng.package_image",
  "pk": "5d56e9ba-8d39-43df-a7e1-4344721d634b",
  "fields": {
    "package": "c327b5ff-9c6b-4524-88cb-26c87ebc4279",
    "image": "images/package_images/16013937538_336f675b6d_o-scaled_RTibz3X.jpg",
    "type": "normal"
  }
},
{
  "model": "derleng.package_image",
  "pk": "5d68e8ca-5d10-4d56-b689-0d3cb8b09954",
  "fields": {
    "package": "0ed81905-718d-4584-85df-460dc875fbe0",
    "image": "images/initail_package_images/TB_Waterfall.jpg",
    "type": "normal"
  }
},
{
  "model": "derleng.package_image",
  "pk": "5d98c6fb-7443-444e-b880-5f55c88548e0",
  "fields": {
    "package": "b658776b-135d-40ba-a4e5-01f089548a92",
    "image": "images/initail_package_images/GettyImages-865119770.jpg",
    "type": "normal"
  }
},
{
  "model": "derleng.package_image",
  "pk": "612db04a-3e80-4e42-befa-c297151010e8",
  "fields": {
    "package": "c327b5ff-9c6b-4524-88cb-26c87ebc4279",
    "image": "images/package_images/Angkor_Wat_Temple_7j4cdYA.jpg",
    "type": "normal"
  }
},
{
  "model": "derleng.package_image",
  "pk": "633a4d8f-b313-425b-9e39-be1a72dbc9f1",
  "fields": {
    "package": "0ed81905-718d-4584-85df-460dc875fbe0",
    "image": "images/initail_package_images/16013937538_336f675b6d_o-scaled_mXINrPn.jpg",
    "type": "normal"
  }
},
{
  "model": "derleng.package_image",
  "pk": "6ac042de-6147-4e93-ad69-8ee9e8583381",
  "fields": {
    "package": "6fd827b8-976f-4748-89a5-e3a29083c98e",
    "image": "images/initail_package_images/_12b566c4-ffbd-412e-9af8-60fd654489aa.jpg",
    "type": "normal"
  }
},
{
  "model": "derleng.package_image",
  "pk": "7f128f01-e6b7-46f6-8d68-3368b5f945aa",
  "fields": {
    "package": "abae2460-75ec-4439-a4a3-666a72b8ea53",
    "image": "images/package_images/Angkor_Wat_Temple.jpg",
    "type": "thumbnail"
  }
},
{
  "model": "derleng.package_image",
  "pk": "9994bf43-9cdd-4b44-8855-45a5dc618d9a",
  "fields": {
    "package": "0ed81905-718d-4584-85df-460dc875fbe0",
    "image": "images/initail_package_images/GettyImages-865119770_vQeJsvn.jpg",
    "type": "normal"
  }
},
{
  "model": "derleng.package_image",
  "pk": "9b06e941-b9fc-402f-b105-cf55a9e47bc7",
  "fields": {
    "package": "6fd57721-5123-4fe0-b6c3-a0a17cb8d99e",
    "image": "images/package_images/16013937538_336f675b6d_o-scaled_fDv7QYa.jpg",
    "type": "normal"
  }
},
{
  "model": "derleng.package_image",
  "pk": "a00d7fc1-581b-402c-b39c-8e722294f444",
  "fields": {
    "package": "6fd827b8-976f-4748-89a5-e3a29083c98e",
    "image": "images/initail_package_images/maxresdefault_2.jpg",
    "type": "normal"
  }
},
{
  "model": "derleng.package_image",
  "pk": "b267db3d-902b-42ce-a546-0e687006b8b1",
  "fields": {
    "package": "6fd57721-5123-4fe0-b6c3-a0a17cb8d99e",
    "image": "images/package_images/a4694401-69a7-4251-b6a2-ab24c60479dc_NHno3Kr.jpg",
    "type": "normal"
  }
},
{
  "model": "derleng.package_image",
  "pk": "b921a24d-3848-4dad-9ad0-39bb2f9b42ee",
  "fields": {
    "package": "6683efb8-cf1e-4ca5-a781-ba44e8502689",
    "image": "images/package_images/TB_Waterfall_yoJic9e.jpg",
    "type": "cover"
  }
},
{
  "model": "derleng.package_image",
  "pk": "b9690a9c-76ab-4d73-98b3-122319a2de0f",
  "fields": {
    "package": "6fd827b8-976f-4748-89a5-e3a29083c98e",
    "image": "images/initail_package_images/a4694401-69a7-4251-b6a2-ab24c60479dc.jpg",
    "type": "normal"
  }
},
{
  "model": "derleng.package_image",
  "pk": "d0c1ae3b-17f5-483f-87f5-e595131ca760",
  "fields": {
    "package": "6fd57721-5123-4fe0-b6c3-a0a17cb8d99e",
    "image": "images/package_images/Angkor_Wat_Temple_qV0e7EB.jpg",
    "type": "normal"
  }
},
{
  "model": "derleng.package_image",
  "pk": "d2a0d8eb-b76c-4cd0-9244-d0d85954d117",
  "fields": {
    "package": "c327b5ff-9c6b-4524-88cb-26c87ebc4279",
    "image": "images/package_images/TB_Waterfall_b3oSRfw.jpg",
    "type": "cover"
  }
},
{
  "model": "derleng.package_image",
  "pk": "dba22bd5-2972-4cff-8aad-16741bbec761",
  "fields": {
    "package": "abae2460-75ec-4439-a4a3-666a72b8ea53",
    "image": "images/package_images/Angkor_Wat_Temple_0uvmSXD.jpg",
    "type": "normal"
  }
},
{
  "model": "derleng.package_image",
  "pk": "e6ee4733-7c30-4813-a3a2-d2a48279d18a",
  "fields": {
    "package": "6683efb8-cf1e-4ca5-a781-ba44e8502689",
    "image": "images/package_images/Angkor_Wat_Temple_wepcmfO.jpg",
    "type": "normal"
  }
},
{
  "model": "derleng.package_image",
  "pk": "f4a8ca3b-6bfa-47e4-86a2-17d14c9f1266",
  "fields": {
    "package": "abae2460-75ec-4439-a4a3-666a72b8ea53",
    "image": "images/package_images/TB_Waterfall.jpg",
    "type": "cover"
  }
},
{
  "model": "derleng.package_image",
  "pk": "f5a10c97-a185-46e8-87b0-d828907d1903",
  "fields": {
    "package": "b658776b-135d-40ba-a4e5-01f089548a92",
    "image": "images/initail_package_images/16013937538_336f675b6d_o-scaled.jpg",
    "type": "normal"
  }
},
{
  "model": "derleng.package_image",
  "pk": "fa0d8f14-9e94-484c-84bb-50f40c04096f",
  "fields": {
    "package": "abae2460-75ec-4439-a4a3-666a72b8ea53",
    "image": "images/package_images/a4694401-69a7-4251-b6a2-ab24c60479dc.jpg",
    "type": "normal"
  }
},
{
  "model": "derleng.package_image",
  "pk": "fa75b0a4-cded-4796-afa5-1db866660172",
  "fields": {
    "package": "6fd827b8-976f-4748-89a5-e3a29083c98e",
    "image": "images/initail_package_images/16013937538_336f675b6d_o-scaled_FZkBuYS.jpg",
    "type": "normal"
  }
},
{
  "model": "derleng.package_image",
  "pk": "fb76b0a5-3d39-4a9d-802c-f092453e12e6",
  "fields": {
    "package": "abae2460-75ec-4439-a4a3-666a72b8ea53",
    "image": "images/package_images/16013937538_336f675b6d_o-scaled.jpg",
    "type": "normal"
  }
},
{
  "model": "derleng.package_schedule",
  "pk": "01b673aa-4534-410a-8c6e-d48a6fc2b91f",
  "fields": {
    "package": "0ed81905-718d-4584-85df-460dc875fbe0",
    "destination": "Veng Sreng",
    "start_time": "06:30:00",
    "end_time": "06:30:00"
  }
},
{
  "model": "derleng.package_schedule",
  "pk": "049d737a-8c49-499c-9f16-d72b90d17a1c",
  "fields": {
    "package": "0ed81905-718d-4584-85df-460dc875fbe0",
    "destination": "Veng Sreng",
    "start_time": "06:30:00",
    "end_time": "06:30:00"
  }
},
{
  "model": "derleng.package_schedule",
  "pk": "06b5062f-21f8-42c0-9e5d-e3205f1d4a88",
  "fields": {
    "package": "0ed81905-718d-4584-85df-460dc875fbe0",
    "destination": "Preah Vihea Temple",
    "start_time": "06:30:00",
    "end_time": "06:30:00"
  }
},
{
  "model": "derleng.package_schedule",
  "pk": "07236d6f-0f05-4da3-bd48-a94f41fdd02f",
  "fields": {
    "package": "6fd827b8-976f-4748-89a5-e3a29083c98e",
    "destination": "Dong teh beach",
    "start_time": "06:30:00",
    "end_time": "06:30:00"
  }
},
{
  "model": "derleng.package_schedule",
  "pk": "12aec5c3-5153-435b-a3d7-a83c79e13659",
  "fields": {
    "package": "0ed81905-718d-4584-85df-460dc875fbe0",
    "destination": "ankor thum",
    "start_time": "06:30:00",
    "end_time": "06:30:00"
  }
},
{
  "model": "derleng.package_schedule",
  "pk": "1609882c-c7d1-4347-a6cb-2408a0e0df0e",
  "fields": {
    "package": "0ed81905-718d-4584-85df-460dc875fbe0",
    "destination": "ankor thum",
    "start_time": "06:30:00",
    "end_time": "06:30:00"
  }
},
{
  "model": "derleng.package_schedule",
  "pk": "272f6e8a-fe4a-4a37-926d-ca1669eafe71",
  "fields": {
    "package": "0ed81905-718d-4584-85df-460dc875fbe0",
    "destination": "Veng Sreng",
    "start_time": "06:30:00",
    "end_time": "06:30:00"
  }
},
{
  "model": "derleng.package_schedule",
  "pk": "36b51a01-89ac-4cea-a16c-876dd1460cdf",
  "fields": {
    "package": "6683efb8-cf1e-4ca5-a781-ba44e8502689",
    "destination": "Merl sva",
    "start_time": "06:30:00",
    "end_time": "06:30:00"
  }
},
{
  "model": "derleng.package_schedule",
  "pk": "3912a2d7-a3ad-4c0b-825e-5380c69268c0",
  "fields": {
    "package": "0ed81905-718d-4584-85df-460dc875fbe0",
    "destination": "Veng Sreng",
    "start_time": "06:30:00",
    "end_time": "06:30:00"
  }
},
{
  "model": "derleng.package_schedule",
  "pk": "4eded0a6-ce28-4039-8fb2-a044f63730b8",
  "fields": {
    "package": "b658776b-135d-40ba-a4e5-01f089548a92",
    "destination": "Preah Vihea Mt",
    "start_time": "06:30:00",
    "end_time": "06:30:00"
  }
},
{
  "model": "derleng.package_schedule",
  "pk": "5a6cbc5e-751f-4163-a81f-d8fafbcaa5f5",
  "fields": {
    "package": "c327b5ff-9c6b-4524-88cb-26c87ebc4279",
    "destination": "Cassino",
    "start_time": "06:30:00",
    "end_time": "06:30:00"
  }
},
{
  "model": "derleng.package_schedule",
  "pk": "679aac97-6f04-4dd3-a995-62821576e29d",
  "fields": {
    "package": "6fd57721-5123-4fe0-b6c3-a0a17cb8d99e",
    "destination": "Cassino",
    "start_time": "06:30:00",
    "end_time": "06:30:00"
  }
},
{
  "model": "derleng.package_schedule",
  "pk": "982c9d52-9f00-4bbc-aa8d-c608e52f7c03",
  "fields": {
    "package": "0ed81905-718d-4584-85df-460dc875fbe0",
    "destination": "ankor thum",
    "start_time": "06:30:00",
    "end_time": "06:30:00"
  }
},
{
  "model": "derleng.package_schedule",
  "pk": "9985375d-e1b4-4eae-bbf5-7a73e7e290bb",
  "fields": {
    "package": "6683efb8-cf1e-4ca5-a781-ba44e8502689",
    "destination": "Cassino",
    "start_time": "06:30:00",
    "end_time": "06:30:00"
  }
},
{
  "model": "derleng.package_schedule",
  "pk": "b21f2b73-da78-41cd-9cd3-3bc62fc194b4",
  "fields": {
    "package": "c327b5ff-9c6b-4524-88cb-26c87ebc4279",
    "destination": "Merl sva",
    "start_time": "06:30:00",
    "end_time": "06:30:00"
  }
},
{
  "model": "derleng.package_schedule",
  "pk": "b553107a-fdee-42d8-a757-6f34eebfb287",
  "fields": {
    "package": "6fd57721-5123-4fe0-b6c3-a0a17cb8d99e",
    "destination": "Merl sva",
    "start_time": "06:30:00",
    "end_time": "06:30:00"
  }
},
{
  "model": "derleng.package_schedule",
  "pk": "b99025e4-08e8-43c0-bfb4-efb3999bfd5a",
  "fields": {
    "package": "b658776b-135d-40ba-a4e5-01f089548a92",
    "destination": "Preah Vihea Temple",
    "start_time": "06:30:00",
    "end_time": "06:30:00"
  }
},
{
  "model": "derleng.package_schedule",
  "pk": "c24e9691-561e-423b-abe6-9b2c7c88313d",
  "fields": {
    "package": "abae2460-75ec-4439-a4a3-666a72b8ea53",
    "destination": "Cassino",
    "start_time": "06:30:00",
    "end_time": "06:30:00"
  }
},
{
  "model": "derleng.package_schedule",
  "pk": "c2e6bcb7-5fbb-4452-a9e9-ac22c14e1b30",
  "fields": {
    "package": "abae2460-75ec-4439-a4a3-666a72b8ea53",
    "destination": "Merl sva",
    "start_time": "06:30:00",
    "end_time": "06:30:00"
  }
},
{
  "model": "derleng.package_schedule",
  "pk": "cc6e4765-bce3-47f3-bcb7-f9bf3a238f38",
  "fields": {
    "package": "0ed81905-718d-4584-85df-460dc875fbe0",
    "destination": "ankor thum",
    "start_time": "06:30:00",
    "end_time": "06:30:00"
  }
},
{
  "model": "derleng.package_schedule",
  "pk": "f535fe41-9c2a-42dc-96f4-da5f1ce89df0",
  "fields": {
    "package": "6fd827b8-976f-4748-89a5-e3a29083c98e",
    "destination": "Cassino",
    "start_time": "06:30:00",
    "end_time": "06:30:00"
  }
},
{
  "model": "derleng.package_schedule",
  "pk": "fecb98e0-66ed-40ee-bab1-4b140295a36d",
  "fields": {
    "package": "0ed81905-718d-4584-85df-460dc875fbe0",
    "destination": "Preah Vihea Mt",
    "start_time": "06:30:00",
    "end_time": "06:30:00"
  }
},
{
  "model": "derleng.package_service",
  "pk": "00cf3ef5-2889-407e-897a-7bb7f76f9310",
  "fields": {
    "detail": "free food",
    "package": "0ed81905-718d-4584-85df-460dc875fbe0",
    "price": 5055,
    "currency": "usd",
    "is_close": true
  }
},
{
  "model": "derleng.package_service",
  "pk": "1d80cce7-92ec-422d-95e6-3129533dfe07",
  "fields": {
    "detail": "free car",
    "package": "6fd827b8-976f-4748-89a5-e3a29083c98e",
    "price": 10,
    "currency": "usd",
    "is_close": false
  }
},
{
  "model": "derleng.package_service",
  "pk": "3bca2509-613e-446e-b01f-cc4ee46c4d89",
  "fields": {
    "detail": "free food",
    "package": "0ed81905-718d-4584-85df-460dc875fbe0",
    "price": 5055,
    "currency": "usd",
    "is_close": true
  }
},
{
  "model": "derleng.package_service",
  "pk": "42c8853a-d265-44fb-802e-9677e037434e",
  "fields": {
    "detail": "free food",
    "package": "6fd827b8-976f-4748-89a5-e3a29083c98e",
    "price": 10,
    "currency": "usd",
    "is_close": false
  }
},
{
  "model": "derleng.package_service",
  "pk": "5404bbec-ddb6-4a3c-adc7-eafd28e39e8e",
  "fields": {
    "detail": "free food",
    "package": "0ed81905-718d-4584-85df-460dc875fbe0",
    "price": 5055,
    "currency": "usd",
    "is_close": true
  }
},
{
  "model": "derleng.package_service",
  "pk": "575c0917-e69a-4ed5-989d-418316aa6d78",
  "fields": {
    "detail": "free car",
    "package": "6683efb8-cf1e-4ca5-a781-ba44e8502689",
    "price": 1000,
    "currency": "usd",
    "is_close": false
  }
},
{
  "model": "derleng.package_service",
  "pk": "5791f2f7-d0ff-4e86-95d2-3676aa2dc25b",
  "fields": {
    "detail": "free food",
    "package": "0ed81905-718d-4584-85df-460dc875fbe0",
    "price": 5055,
    "currency": "usd",
    "is_close": false
  }
},
{
  "model": "derleng.package_service",
  "pk": "5bfd5238-2bb2-48c5-913d-c77dc5be78e8",
  "fields": {
    "detail": "free food",
    "package": "c327b5ff-9c6b-4524-88cb-26c87ebc4279",
    "price": 1000,
    "currency": "usd",
    "is_close": false
  }
},
{
  "model": "derleng.package_service",
  "pk": "633598bc-a8a8-42a4-b798-7d28ed3b843a",
  "fields": {
    "detail": "free food",
    "package": "6fd57721-5123-4fe0-b6c3-a0a17cb8d99e",
    "price": 1000,
    "currency": "usd",
    "is_close": false
  }
},
{
  "model": "derleng.package_service",
  "pk": "648a9eae-5690-4578-a782-f2d9184f5153",
  "fields": {
    "detail": "free food",
    "package": "b658776b-135d-40ba-a4e5-01f089548a92",
    "price": 1000,
    "currency": "usd",
    "is_close": false
  }
},
{
  "model": "derleng.package_service",
  "pk": "6f4ac701-6e30-4dda-96bf-1e63ba901060",
  "fields": {
    "detail": "free food + stayed",
    "package": "0ed81905-718d-4584-85df-460dc875fbe0",
    "price": 9000,
    "currency": "usd",
    "is_close": true
  }
},
{
  "model": "derleng.package_service",
  "pk": "76f94119-3f6e-4778-94cf-4e8491a4c0ba",
  "fields": {
    "detail": "free car",
    "package": "b658776b-135d-40ba-a4e5-01f089548a92",
    "price": 10,
    "currency": "usd",
    "is_close": false
  }
},
{
  "model": "derleng.package_service",
  "pk": "8058ee9e-3cb2-4d77-aefe-27ff9aecab87",
  "fields": {
    "detail": "free food + stayed",
    "package": "0ed81905-718d-4584-85df-460dc875fbe0",
    "price": 9000,
    "currency": "usd",
    "is_close": true
  }
},
{
  "model": "derleng.package_service",
  "pk": "bfe670e0-36b4-4b3a-aaa2-f363873b3d00",
  "fields": {
    "detail": "free food",
    "package": "0ed81905-718d-4584-85df-460dc875fbe0",
    "price": 10,
    "currency": "usd",
    "is_close": true
  }
},
{
  "model": "derleng.package_service",
  "pk": "ce35d1f5-ecd7-4ed9-8b7b-365dd0066038",
  "fields": {
    "detail": "free food",
    "package": "abae2460-75ec-4439-a4a3-666a72b8ea53",
    "price": 1000,
    "currency": "usd",
    "is_close": false
  }
},
{
  "model": "derleng.package_service",
  "pk": "d59b102d-a591-4a26-a951-b2c70d5bffb5",
  "fields": {
    "detail": "free car",
    "package": "6fd57721-5123-4fe0-b6c3-a0a17cb8d99e",
    "price": 1000,
    "currency": "usd",
    "is_close": false
  }
},
{
  "model": "derleng.package_service",
  "pk": "d7ec5e17-63e5-4783-b846-682deebce6a5",
  "fields": {
    "detail": "free car",
    "package": "abae2460-75ec-4439-a4a3-666a72b8ea53",
    "price": 1000,
    "currency": "usd",
    "is_close": false
  }
},
{
  "model": "derleng.package_service",
  "pk": "ecf412d3-e650-4f53-81b9-fa4dd42edb03",
  "fields": {
    "detail": "free food + stayed",
    "package": "0ed81905-718d-4584-85df-460dc875fbe0",
    "price": 9000,
    "currency": "usd",
    "is_close": true
  }
},
{
  "model": "derleng.package_service",
  "pk": "f0b83576-d19f-4d57-81c1-f30d201d7200",
  "fields": {
    "detail": "free food",
    "package": "6683efb8-cf1e-4ca5-a781-ba44e8502689",
    "price": 1000,
    "currency": "usd",
    "is_close": false
  }
},
{
  "model": "derleng.package_service",
  "pk": "fc88e4cb-e724-49fc-ac1b-66d14c53af1e",
  "fields": {
    "detail": "free car",
    "package": "c327b5ff-9c6b-4524-88cb-26c87ebc4279",
    "price": 1000,
    "currency": "usd",
    "is_close": false
  }
},
{
  "model": "derleng.package_service",
  "pk": "fcb78e64-1112-488d-8754-cde7de1237ff",
  "fields": {
    "detail": "free car",
    "package": "0ed81905-718d-4584-85df-460dc875fbe0",
    "price": 1000,
    "currency": "usd",
    "is_close": true
  }
},
{
  "model": "derleng.package_service",
  "pk": "fd9e3159-ddb3-4d6b-ade6-5ada5bf9b5f2",
  "fields": {
    "detail": "free food + stayed",
    "package": "0ed81905-718d-4584-85df-460dc875fbe0",
    "price": 9000,
    "currency": "usd",
    "is_close": true
  }
},
{
  "model": "derleng.package_unavailable_date",
  "pk": "144d40dc-08e6-4ab3-85be-d36cf54fd3dc",
  "fields": {
    "package": "0ed81905-718d-4584-85df-460dc875fbe0",
    "unavailable_at": "2024-01-14"
  }
},
{
  "model": "derleng.package_unavailable_date",
  "pk": "1fbd05d8-bf40-4d2e-9033-d984248b1f82",
  "fields": {
    "package": "abae2460-75ec-4439-a4a3-666a72b8ea53",
    "unavailable_at": "2024-01-14"
  }
},
{
  "model": "derleng.package_unavailable_date",
  "pk": "2db97835-1d6f-4112-9dae-9d9bb05d9aad",
  "fields": {
    "package": "0ed81905-718d-4584-85df-460dc875fbe0",
    "unavailable_at": "2024-01-14"
  }
},
{
  "model": "derleng.package_unavailable_date",
  "pk": "46110445-0484-4196-8e93-b39071851966",
  "fields": {
    "package": "6fd57721-5123-4fe0-b6c3-a0a17cb8d99e",
    "unavailable_at": "2024-01-14"
  }
},
{
  "model": "derleng.package_unavailable_date",
  "pk": "5042ac51-8af4-4b81-a8a1-2da163291b49",
  "fields": {
    "package": "6683efb8-cf1e-4ca5-a781-ba44e8502689",
    "unavailable_at": "2024-01-15"
  }
},
{
  "model": "derleng.package_unavailable_date",
  "pk": "6b6a18a2-8fa6-4471-bde2-14f7f276a20e",
  "fields": {
    "package": "0ed81905-718d-4584-85df-460dc875fbe0",
    "unavailable_at": "2024-01-15"
  }
},
{
  "model": "derleng.package_unavailable_date",
  "pk": "735588e3-3e45-4b34-86f5-0dd6b934feee",
  "fields": {
    "package": "0ed81905-718d-4584-85df-460dc875fbe0",
    "unavailable_at": "2024-01-15"
  }
},
{
  "model": "derleng.package_unavailable_date",
  "pk": "7ab5c0d8-ae04-4b72-b9e8-1ed646e924c9",
  "fields": {
    "package": "b658776b-135d-40ba-a4e5-01f089548a92",
    "unavailable_at": "2024-01-15"
  }
},
{
  "model": "derleng.package_unavailable_date",
  "pk": "849548bb-3513-4e3c-8d79-bba52a4b20d0",
  "fields": {
    "package": "abae2460-75ec-4439-a4a3-666a72b8ea53",
    "unavailable_at": "2024-01-15"
  }
},
{
  "model": "derleng.package_unavailable_date",
  "pk": "890404f5-7b1c-4371-a2a1-776e249ddc57",
  "fields": {
    "package": "0ed81905-718d-4584-85df-460dc875fbe0",
    "unavailable_at": "2024-01-15"
  }
},
{
  "model": "derleng.package_unavailable_date",
  "pk": "8cc012e8-2ee6-4847-a86e-bcf49e4d8c30",
  "fields": {
    "package": "c327b5ff-9c6b-4524-88cb-26c87ebc4279",
    "unavailable_at": "2024-01-14"
  }
},
{
  "model": "derleng.package_unavailable_date",
  "pk": "95977d40-570e-4748-8de3-cf336f66b663",
  "fields": {
    "package": "0ed81905-718d-4584-85df-460dc875fbe0",
    "unavailable_at": "2024-01-14"
  }
},
{
  "model": "derleng.package_unavailable_date",
  "pk": "a476df64-37b5-4ead-b347-591909e8160c",
  "fields": {
    "package": "6fd827b8-976f-4748-89a5-e3a29083c98e",
    "unavailable_at": "2024-01-14"
  }
},
{
  "model": "derleng.package_unavailable_date",
  "pk": "a93c24c5-205d-44af-a2d5-b55226b3d6db",
  "fields": {
    "package": "c327b5ff-9c6b-4524-88cb-26c87ebc4279",
    "unavailable_at": "2024-01-15"
  }
},
{
  "model": "derleng.package_unavailable_date",
  "pk": "aef1085b-714f-436e-bbfe-e7def62f1fe7",
  "fields": {
    "package": "6683efb8-cf1e-4ca5-a781-ba44e8502689",
    "unavailable_at": "2024-01-14"
  }
},
{
  "model": "derleng.package_unavailable_date",
  "pk": "af35fbaf-03e3-4fcd-a4b3-91ee2961e394",
  "fields": {
    "package": "0ed81905-718d-4584-85df-460dc875fbe0",
    "unavailable_at": "2024-01-14"
  }
},
{
  "model": "derleng.package_unavailable_date",
  "pk": "b09a04b1-cbd9-445a-b655-37341e8d4ced",
  "fields": {
    "package": "b658776b-135d-40ba-a4e5-01f089548a92",
    "unavailable_at": "2024-01-14"
  }
},
{
  "model": "derleng.package_unavailable_date",
  "pk": "c5cb0ad2-5a88-4b0a-a07f-1109cce0f907",
  "fields": {
    "package": "0ed81905-718d-4584-85df-460dc875fbe0",
    "unavailable_at": "2024-01-14"
  }
},
{
  "model": "derleng.package_unavailable_date",
  "pk": "d0384503-082e-4c33-9c8a-4f5c12f1a428",
  "fields": {
    "package": "0ed81905-718d-4584-85df-460dc875fbe0",
    "unavailable_at": "2024-01-15"
  }
},
{
  "model": "derleng.package_unavailable_date",
  "pk": "d22fceeb-24aa-4907-b7db-abdae71d8717",
  "fields": {
    "package": "6fd57721-5123-4fe0-b6c3-a0a17cb8d99e",
    "unavailable_at": "2024-01-15"
  }
},
{
  "model": "derleng.package_unavailable_date",
  "pk": "e9ef0589-4909-4c5c-968f-91bc1e66fb9d",
  "fields": {
    "package": "0ed81905-718d-4584-85df-460dc875fbe0",
    "unavailable_at": "2024-01-15"
  }
},
{
  "model": "derleng.package_unavailable_date",
  "pk": "fec3ad3d-2b12-42d8-9084-241ea57d9667",
  "fields": {
    "package": "6fd827b8-976f-4748-89a5-e3a29083c98e",
    "unavailable_at": "2024-01-15"
  }
},
{
  "model": "derleng.payment_method",
  "pk": "419c20b3-f945-41a9-97d3-c0cc59a39669",
  "fields": {
    "user": "0bb13a1d-e5f2-4c68-a5c4-0ee708168954",
    "type": "card",
    "holder_name": "Mr Tourguide",
    "brand": "VISA",
    "last4": "4242",
    "stripe_customer_id": "cus_PRlhiXYvTffQHx",
    "stripe_payment_method_id": "pm_1Ocs7fEhnoYmMdGF8u0IIlzd",
    "exp_month": 12,
    "exp_year": 26,
    "is_active": true,
    "is_default": true
  }
},
{
  "model": "derleng.payment_method",
  "pk": "a2edfd7d-2979-4ca5-9087-bae41cb6d790",
  "fields": {
    "user": "35e74bc7-c3d3-4e7d-be44-8c2ac13ca096",
    "type": "card",
    "holder_name": "Mr Customer",
    "brand": "VISA",
    "last4": "4242",
    "stripe_customer_id": "cus_PRlUPzXsShB0sX",
    "stripe_payment_method_id": "pm_1OcrwrEhnoYmMdGF4Se4lkHv",
    "exp_month": 12,
    "exp_year": 26,
    "is_active": true,
    "is_default": true
  }
},
{
  "model": "derleng.payment_method",
  "pk": "f8f8c1af-449c-4dd5-82f3-9a15190c7810",
  "fields": {
    "user": "33be413a-dd3e-477a-ac7a-e8280c33ebbf",
    "type": "card",
    "holder_name": "Mr Tourguide",
    "brand": "VISA",
    "last4": "4242",
    "stripe_customer_id": "cus_PRlXvx28Gh2WOY",
    "stripe_payment_method_id": "pm_1OcrzUEhnoYmMdGF7HKRdR8q",
    "exp_month": 12,
    "exp_year": 26,
    "is_active": true,
    "is_default": true
  }
},
{
  "model": "derleng.cart",
  "pk": "0c6eebec-8851-472b-82c4-46bd4e057d7b",
  "fields": {
    "user": "35e74bc7-c3d3-4e7d-be44-8c2ac13ca096",
    "service": "648a9eae-5690-4578-a782-f2d9184f5153",
    "customer_ammount": 6,
    "booking_date": "2022-01-25T15:30:00.123Z",
    "created_at": "2024-01-31T19:25:33.805Z"
  }
},
{
  "model": "derleng.cart",
  "pk": "18056c58-bdde-4530-9eeb-f94bbd9d2bdb",
  "fields": {
    "user": "35e74bc7-c3d3-4e7d-be44-8c2ac13ca096",
    "service": "1d80cce7-92ec-422d-95e6-3129533dfe07",
    "customer_ammount": 6,
    "booking_date": "2022-01-25T15:30:00.123Z",
    "created_at": "2024-01-31T19:33:55.537Z"
  }
},
{
  "model": "derleng.cart",
  "pk": "43e7e5eb-6a73-43fa-84f8-b5772bdb1f37",
  "fields": {
    "user": "35e74bc7-c3d3-4e7d-be44-8c2ac13ca096",
    "service": "d59b102d-a591-4a26-a951-b2c70d5bffb5",
    "customer_ammount": 6,
    "booking_date": "2022-01-25T15:30:00.123Z",
    "created_at": "2024-01-31T19:46:11.598Z"
  }
},
{
  "model": "derleng.cart",
  "pk": "5e25737e-6e75-4e36-beb5-e2390da974c9",
  "fields": {
    "user": "33be413a-dd3e-477a-ac7a-e8280c33ebbf",
    "service": "648a9eae-5690-4578-a782-f2d9184f5153",
    "customer_ammount": 6,
    "booking_date": "2022-01-25T15:30:00.123Z",
    "created_at": "2024-01-31T18:30:49.340Z"
  }
},
{
  "model": "derleng.cart",
  "pk": "6e378b75-fef8-475b-b811-eb7df056a9cd",
  "fields": {
    "user": "0bb13a1d-e5f2-4c68-a5c4-0ee708168954",
    "service": "648a9eae-5690-4578-a782-f2d9184f5153",
    "customer_ammount": 4,
    "booking_date": "2022-01-25T15:30:00.123Z",
    "created_at": "2024-01-26T21:12:35.319Z"
  }
},
{
  "model": "derleng.cart",
  "pk": "92f0fa8a-d030-42c4-a283-c7cd47eb72b7",
  "fields": {
    "user": "35e74bc7-c3d3-4e7d-be44-8c2ac13ca096",
    "service": "648a9eae-5690-4578-a782-f2d9184f5153",
    "customer_ammount": 4,
    "booking_date": "2022-01-25T15:30:00.123Z",
    "created_at": "2024-01-27T18:19:11.155Z"
  }
},
{
  "model": "derleng.cart",
  "pk": "b2771546-7843-47ba-ace2-0d95e22e2aff",
  "fields": {
    "user": "35e74bc7-c3d3-4e7d-be44-8c2ac13ca096",
    "service": "575c0917-e69a-4ed5-989d-418316aa6d78",
    "customer_ammount": 6,
    "booking_date": "2022-01-25T15:30:00.123Z",
    "created_at": "2024-01-31T19:37:10.546Z"
  }
},
{
  "model": "derleng.cart",
  "pk": "de5b3faf-7783-49ea-8dc8-535b41575852",
  "fields": {
    "user": "33be413a-dd3e-477a-ac7a-e8280c33ebbf",
    "service": "648a9eae-5690-4578-a782-f2d9184f5153",
    "customer_ammount": 4,
    "booking_date": "2022-01-25T15:30:00.123Z",
    "created_at": "2024-01-31T18:30:30.647Z"
  }
},
{
  "model": "derleng.cart",
  "pk": "fdc77cf3-53bc-49fe-9c90-3232afb18ae5",
  "fields": {
    "user": "0bb13a1d-e5f2-4c68-a5c4-0ee708168954",
    "service": "648a9eae-5690-4578-a782-f2d9184f5153",
    "customer_ammount": 4,
    "booking_date": "2022-01-25T15:30:00.123Z",
    "created_at": "2024-01-26T21:19:08.697Z"
  }
},
{
  "model": "derleng.booking",
  "pk": "339c1fa4-0590-43b2-b575-a46892c2728b",
  "fields": {
    "customer": "35e74bc7-c3d3-4e7d-be44-8c2ac13ca096",
    "total_price": 1000,
    "currency": "usd",
    "created_at": "2024-01-31T19:47:01.938Z"
  }
},
{
  "model": "derleng.booking",
  "pk": "43dd2f03-bec4-47ec-90fd-dbbe5f31f20e",
  "fields": {
    "customer": "0bb13a1d-e5f2-4c68-a5c4-0ee708168954",
    "total_price": 10,
    "currency": "usd",
    "created_at": "2024-01-26T21:44:02.205Z"
  }
},
{
  "model": "derleng.booking",
  "pk": "4a331894-18e0-41d8-a1e7-e91705205699",
  "fields": {
    "customer": "35e74bc7-c3d3-4e7d-be44-8c2ac13ca096",
    "total_price": 1000,
    "currency": "usd",
    "created_at": "2024-01-31T19:38:45.808Z"
  }
},
{
  "model": "derleng.booking",
  "pk": "5d9eada7-0ecb-4969-abd5-44a843929741",
  "fields": {
    "customer": "0bb13a1d-e5f2-4c68-a5c4-0ee708168954",
    "total_price": 10,
    "currency": "usd",
    "created_at": "2024-01-26T21:43:02.352Z"
  }
},
{
  "model": "derleng.booking",
  "pk": "633c10b4-41a2-486c-abf2-df157e06f13e",
  "fields": {
    "customer": "35e74bc7-c3d3-4e7d-be44-8c2ac13ca096",
    "total_price": 2000,
    "currency": "usd",
    "created_at": "2024-01-31T19:26:13.937Z"
  }
},
{
  "model": "derleng.booking",
  "pk": "70f72a62-d9af-44a1-bb50-f419dc001bbc",
  "fields": {
    "customer": "0bb13a1d-e5f2-4c68-a5c4-0ee708168954",
    "total_price": 1000,
    "currency": "usd",
    "created_at": "2024-01-27T05:53:20.914Z"
  }
},
{
  "model": "derleng.booking",
  "pk": "7d0fcfbd-f81f-4eb4-9931-5e1251dde70b",
  "fields": {
    "customer": "33be413a-dd3e-477a-ac7a-e8280c33ebbf",
    "total_price": 2000,
    "currency": "usd",
    "created_at": "2024-01-31T18:35:39.322Z"
  }
},
{
  "model": "derleng.booking",
  "pk": "a92908ac-2f9c-43cf-8043-1aaf203237bc",
  "fields": {
    "customer": "0bb13a1d-e5f2-4c68-a5c4-0ee708168954",
    "total_price": 1000,
    "currency": "usd",
    "created_at": "2024-01-27T05:54:18.125Z"
  }
},
{
  "model": "derleng.booking",
  "pk": "d9965dc5-cd57-4ab1-920c-353a13696231",
  "fields": {
    "customer": "0bb13a1d-e5f2-4c68-a5c4-0ee708168954",
    "total_price": 1000,
    "currency": "usd",
    "created_at": "2024-01-27T07:53:12.749Z"
  }
},
{
  "model": "derleng.booking",
  "pk": "dd0d5e66-6008-415d-863c-49b6c610d950",
  "fields": {
    "customer": "35e74bc7-c3d3-4e7d-be44-8c2ac13ca096",
    "total_price": 2000,
    "currency": "usd",
    "created_at": "2024-01-31T19:18:29.413Z"
  }
},
{
  "model": "derleng.booking_details",
  "pk": "01d7a7ef-3c4b-4c18-96c5-083fae4219eb",
  "fields": {
    "cart": "92f0fa8a-d030-42c4-a283-c7cd47eb72b7",
    "booking": "633c10b4-41a2-486c-abf2-df157e06f13e",
    "unit_price": 1000,
    "currency": "usd",
    "percentage_discount": "0.00",
    "is_accepted": false,
    "is_closed": false,
    "created_at": "2024-01-31T19:26:13.994Z"
  }
},
{
  "model": "derleng.booking_details",
  "pk": "08dee6b9-5492-4d2d-96a5-9f4952e642dc",
  "fields": {
    "cart": "43e7e5eb-6a73-43fa-84f8-b5772bdb1f37",
    "booking": "339c1fa4-0590-43b2-b575-a46892c2728b",
    "unit_price": 1000,
    "currency": "usd",
    "percentage_discount": "0.00",
    "is_accepted": false,
    "is_closed": false,
    "created_at": "2024-01-31T19:47:01.963Z"
  }
},
{
  "model": "derleng.booking_details",
  "pk": "14dd8975-8e83-413d-b12e-20500740519b",
  "fields": {
    "cart": "5e25737e-6e75-4e36-beb5-e2390da974c9",
    "booking": "dd0d5e66-6008-415d-863c-49b6c610d950",
    "unit_price": 1000,
    "currency": "usd",
    "percentage_discount": "0.00",
    "is_accepted": false,
    "is_closed": false,
    "created_at": "2024-01-31T19:18:29.437Z"
  }
},
{
  "model": "derleng.booking_details",
  "pk": "1ee751a5-47f6-47f9-ac24-a2469123bb0d",
  "fields": {
    "cart": "0c6eebec-8851-472b-82c4-46bd4e057d7b",
    "booking": "633c10b4-41a2-486c-abf2-df157e06f13e",
    "unit_price": 1000,
    "currency": "usd",
    "percentage_discount": "0.00",
    "is_accepted": false,
    "is_closed": false,
    "created_at": "2024-01-31T19:26:13.980Z"
  }
},
{
  "model": "derleng.booking_details",
  "pk": "20c0cd47-9fd0-4982-abc5-6c485093162e",
  "fields": {
    "cart": "b2771546-7843-47ba-ace2-0d95e22e2aff",
    "booking": "4a331894-18e0-41d8-a1e7-e91705205699",
    "unit_price": 1000,
    "currency": "usd",
    "percentage_discount": "0.00",
    "is_accepted": true,
    "is_closed": false,
    "created_at": "2024-01-31T19:38:45.831Z"
  }
},
{
  "model": "derleng.booking_details",
  "pk": "2e9ab532-6c70-4949-99e0-6d14fa19f1c9",
  "fields": {
    "cart": "de5b3faf-7783-49ea-8dc8-535b41575852",
    "booking": "7d0fcfbd-f81f-4eb4-9931-5e1251dde70b",
    "unit_price": 1000,
    "currency": "usd",
    "percentage_discount": "0.00",
    "is_accepted": false,
    "is_closed": false,
    "created_at": "2024-01-31T18:35:39.364Z"
  }
},
{
  "model": "derleng.booking_details",
  "pk": "3b9916b4-a06b-41f9-bfda-28b482c2933c",
  "fields": {
    "cart": null,
    "booking": "a92908ac-2f9c-43cf-8043-1aaf203237bc",
    "unit_price": 1000,
    "currency": "usd",
    "percentage_discount": "0.00",
    "is_accepted": false,
    "is_closed": false,
    "created_at": "2024-01-27T05:54:18.149Z"
  }
},
{
  "model": "derleng.booking_details",
  "pk": "441ae1e8-e14f-4d94-95e8-056a4eef1610",
  "fields": {
    "cart": null,
    "booking": "70f72a62-d9af-44a1-bb50-f419dc001bbc",
    "unit_price": 1000,
    "currency": "usd",
    "percentage_discount": "0.00",
    "is_accepted": false,
    "is_closed": false,
    "created_at": "2024-01-27T05:53:20.939Z"
  }
},
{
  "model": "derleng.booking_details",
  "pk": "495c683f-5c3d-4008-b940-dd1a57254826",
  "fields": {
    "cart": null,
    "booking": "d9965dc5-cd57-4ab1-920c-353a13696231",
    "unit_price": 1000,
    "currency": "usd",
    "percentage_discount": "0.00",
    "is_accepted": false,
    "is_closed": false,
    "created_at": "2024-01-27T07:53:12.782Z"
  }
},
{
  "model": "derleng.booking_details",
  "pk": "85e9ff96-84e1-4548-a1a1-9e156c41e2b0",
  "fields": {
    "cart": "de5b3faf-7783-49ea-8dc8-535b41575852",
    "booking": "dd0d5e66-6008-415d-863c-49b6c610d950",
    "unit_price": 1000,
    "currency": "usd",
    "percentage_discount": "0.00",
    "is_accepted": false,
    "is_closed": false,
    "created_at": "2024-01-31T19:18:29.450Z"
  }
},
{
  "model": "derleng.booking_details",
  "pk": "908943c7-12f3-4895-b6d8-e64d3e8da96c",
  "fields": {
    "cart": "5e25737e-6e75-4e36-beb5-e2390da974c9",
    "booking": "7d0fcfbd-f81f-4eb4-9931-5e1251dde70b",
    "unit_price": 1000,
    "currency": "usd",
    "percentage_discount": "0.00",
    "is_accepted": false,
    "is_closed": false,
    "created_at": "2024-01-31T18:35:39.352Z"
  }
},
{
  "model": "derleng.booking_details",
  "pk": "d16978c0-4a59-465a-951d-19cf34d91a63",
  "fields": {
    "cart": null,
    "booking": "5d9eada7-0ecb-4969-abd5-44a843929741",
    "unit_price": 10,
    "currency": "usd",
    "percentage_discount": "0.00",
    "is_accepted": true,
    "is_closed": false,
    "created_at": "2024-01-26T21:43:02.382Z"
  }
},
{
  "model": "derleng.booking_details",
  "pk": "f49cc243-0f2d-4856-9ae4-14c8d47725c3",
  "fields": {
    "cart": null,
    "booking": "43dd2f03-bec4-47ec-90fd-dbbe5f31f20e",
    "unit_price": 10,
    "currency": "usd",
    "percentage_discount": "0.00",
    "is_accepted": false,
    "is_closed": false,
    "created_at": "2024-01-26T21:44:02.228Z"
  }
},
{
  "model": "derleng.customer_payments",
  "pk": "16fa8282-51fc-431c-bb7f-fb4b2466779f",
  "fields": {
    "customer": "0bb13a1d-e5f2-4c68-a5c4-0ee708168954",
    "booking": "d9965dc5-cd57-4ab1-920c-353a13696231",
    "amount": 1000,
    "amount_received": 1000,
    "currency": "usd",
    "payment_method": "419c20b3-f945-41a9-97d3-c0cc59a39669",
    "status": "succeeded",
    "created": 1706341991
  }
},
{
  "model": "derleng.customer_payments",
  "pk": "207868ba-6868-47ab-95b0-ed3eee8936f3",
  "fields": {
    "customer": "35e74bc7-c3d3-4e7d-be44-8c2ac13ca096",
    "booking": "dd0d5e66-6008-415d-863c-49b6c610d950",
    "amount": 2000,
    "amount_received": 2000,
    "currency": "usd",
    "payment_method": "419c20b3-f945-41a9-97d3-c0cc59a39669",
    "status": "succeeded",
    "created": 1706728709
  }
},
{
  "model": "derleng.customer_payments",
  "pk": "506ae06a-59d9-49a8-a217-f8153883acdf",
  "fields": {
    "customer": "35e74bc7-c3d3-4e7d-be44-8c2ac13ca096",
    "booking": "339c1fa4-0590-43b2-b575-a46892c2728b",
    "amount": 1000,
    "amount_received": 1000,
    "currency": "usd",
    "payment_method": "a2edfd7d-2979-4ca5-9087-bae41cb6d790",
    "status": "succeeded",
    "created": 1706730421
  }
},
{
  "model": "derleng.customer_payments",
  "pk": "7675fad8-4430-4b74-a2a1-f7b3f61d45cf",
  "fields": {
    "customer": "35e74bc7-c3d3-4e7d-be44-8c2ac13ca096",
    "booking": "4a331894-18e0-41d8-a1e7-e91705205699",
    "amount": 1000,
    "amount_received": 1000,
    "currency": "usd",
    "payment_method": "a2edfd7d-2979-4ca5-9087-bae41cb6d790",
    "status": "succeeded",
    "created": 1706729925
  }
},
{
  "model": "derleng.customer_payments",
  "pk": "76fd4875-accb-4870-8620-c95c747461ec",
  "fields": {
    "customer": "33be413a-dd3e-477a-ac7a-e8280c33ebbf",
    "booking": "7d0fcfbd-f81f-4eb4-9931-5e1251dde70b",
    "amount": 2000,
    "amount_received": 2000,
    "currency": "usd",
    "payment_method": "419c20b3-f945-41a9-97d3-c0cc59a39669",
    "status": "succeeded",
    "created": 1706726139
  }
},
{
  "model": "derleng.customer_payments",
  "pk": "e91bbc4e-c86b-4ca3-b16e-8eb08dc5de77",
  "fields": {
    "customer": "35e74bc7-c3d3-4e7d-be44-8c2ac13ca096",
    "booking": "633c10b4-41a2-486c-abf2-df157e06f13e",
    "amount": 2000,
    "amount_received": 2000,
    "currency": "usd",
    "payment_method": "419c20b3-f945-41a9-97d3-c0cc59a39669",
    "status": "succeeded",
    "created": 1706729173
  }
}
]
