[
{
  "model": "authentication.user_role",
  "pk": "525c7407-dc9e-4220-9a89-9ad6ae00e7f5",
  "fields": {
    "name": "admin",
    "description": "He's everything"
  }
},
{
  "model": "authentication.user_role",
  "pk": "c0249bc4-80bc-4080-aeff-1a285ac0f3af",
  "fields": {
    "name": "staff",
    "description": "employee"
  }
},
{
  "model": "authentication.user_role",
  "pk": "d5bc5492-f2ed-4300-9b98-d19332f8c2c3",
  "fields": {
    "name": "tour_guide",
    "description": "can sell"
  }
},
{
  "model": "authentication.user_role",
  "pk": "e2ead997-e584-4cfd-93f3-646d98e7c411",
  "fields": {
    "name": "customer",
    "description": ""
  }
},
{
  "model": "authentication.user",
  "pk": "05d02e5e-b56d-4933-882c-fa94ca8e8b0e",
  "fields": {
    "password": "pbkdf2_sha256$720000$WFsH3IEPDNsE2NVBTz7Y3O$1QjD813pulWZticJQ/lhknJPrSH/vG/qoCeyT0umP0s=",
    "last_login": null,
    "is_superuser": false,
    "username": "123",
    "first_name": "",
    "last_name": "",
    "email": "customer@123.com",
    "is_staff": false,
    "is_active": true,
    "date_joined": "2024-02-06T01:29:40.450Z",
    "fullname": "Mr Customer",
    "role": "e2ead997-e584-4cfd-93f3-646d98e7c411",
    "phone": "0123456789",
    "registration_method": "email",
    "groups": [],
    "user_permissions": []
  }
},
{
  "model": "authentication.user",
  "pk": "0a4619be-8be8-49cb-8655-d185e0535b94",
  "fields": {
    "password": "pbkdf2_sha256$720000$KHOJWjsLmStKsNUW51CZL7$9dY+u9m/bhZKpjHcVh6+u2QiLaJmqhsJMCsbUhot9t0=",
    "last_login": null,
    "is_superuser": false,
    "username": "broome1144",
    "first_name": "",
    "last_name": "",
    "email": "dewdw@wwdhqw.com",
    "is_staff": false,
    "is_active": true,
    "date_joined": "2024-02-06T01:56:09.457Z",
    "fullname": "VEN Dara",
    "role": "e2ead997-e584-4cfd-93f3-646d98e7c411",
    "phone": "091923192644",
    "registration_method": "email",
    "groups": [],
    "user_permissions": []
  }
},
{
  "model": "authentication.user",
  "pk": "0bb13a1d-e5f2-4c68-a5c4-0ee708168954",
  "fields": {
    "password": "pbkdf2_sha256$720000$casYuNhVcGSs6GMIHiC1RR$kLcwWvf67j6BPW9uLkd7z9NSruPKqmVPZsVzn/S1zYk=",
    "last_login": "2024-02-04T08:51:20.371Z",
    "is_superuser": false,
    "username": "staff",
    "first_name": "Ms",
    "last_name": "Staff",
    "email": "staff@123.com",
    "is_staff": true,
    "is_active": true,
    "date_joined": "2024-01-25T16:20:09Z",
    "fullname": "Ms Staff",
    "role": "c0249bc4-80bc-4080-aeff-1a285ac0f3af",
    "phone": "0963180249",
    "registration_method": "email",
    "groups": [],
    "user_permissions": []
  }
},
{
  "model": "authentication.user",
  "pk": "1649cc72-322c-4aa7-beaf-5fad8e6c7fa0",
  "fields": {
    "password": "pbkdf2_sha256$720000$ntgZZ7O3YngjhbmFPHtSEt$TvZrUK0a7foYsfhOSgNzIUXMqjcLQaQ1CTzPdGQHsMw=",
    "last_login": null,
    "is_superuser": false,
    "username": "dchwg1122ee",
    "first_name": "",
    "last_name": "",
    "email": "broome@gmail.com",
    "is_staff": false,
    "is_active": true,
    "date_joined": "2024-02-06T02:05:07.930Z",
    "fullname": "VEN Dara",
    "role": "e2ead997-e584-4cfd-93f3-646d98e7c411",
    "phone": "+8891313412",
    "registration_method": "email",
    "groups": [],
    "user_permissions": []
  }
},
{
  "model": "authentication.user",
  "pk": "25075751-bbd8-48f7-af58-8d75bbb03362",
  "fields": {
    "password": "pbkdf2_sha256$720000$7uitB9K6jFnaYdrTdGLkfg$ppSqTYQ/y8bnbaBHGE0ewZVGpm9O8DlZgMIPeLqtZtc=",
    "last_login": null,
    "is_superuser": false,
    "username": "dchwg1122",
    "first_name": "",
    "last_name": "",
    "email": "broome@gmail.com",
    "is_staff": false,
    "is_active": true,
    "date_joined": "2024-02-06T02:02:40.415Z",
    "fullname": "VEN Dara",
    "role": "e2ead997-e584-4cfd-93f3-646d98e7c411",
    "phone": "+8891313412",
    "registration_method": "email",
    "groups": [],
    "user_permissions": []
  }
},
{
  "model": "authentication.user",
  "pk": "305b05c3-84f1-4f23-827d-d1eb4336a27c",
  "fields": {
    "password": "pbkdf2_sha256$720000$51cGYvKmnOayIGh6OYMvC9$dYFwoBkQ99g2nli51rRpb3yLVG9dH6xd2KHNqcCN6Eo=",
    "last_login": null,
    "is_superuser": false,
    "username": "dchwg1134124",
    "first_name": "",
    "last_name": "",
    "email": "hexadash@dm.com",
    "is_staff": false,
    "is_active": true,
    "date_joined": "2024-02-06T02:09:58.325Z",
    "fullname": "VEN Dara",
    "role": "e2ead997-e584-4cfd-93f3-646d98e7c411",
    "phone": "+8891313412",
    "registration_method": "email",
    "groups": [],
    "user_permissions": []
  }
},
{
  "model": "authentication.user",
  "pk": "33be413a-dd3e-477a-ac7a-e8280c33ebbf",
  "fields": {
    "password": "pbkdf2_sha256$720000$nrhq0zhWj2M88nFjtofzhu$02jMLpzeNi4SOjSOY1OgQKDCxTKTqgN5eXKD47ogLM8=",
    "last_login": "2024-02-06T11:27:19.652Z",
    "is_superuser": false,
    "username": "tourguide",
    "first_name": "Mr",
    "last_name": "Tourguide",
    "email": "tourguide@123.com",
    "is_staff": false,
    "is_active": true,
    "date_joined": "2024-01-25T16:19:24Z",
    "fullname": "Mr Tourguide",
    "role": "d5bc5492-f2ed-4300-9b98-d19332f8c2c3",
    "phone": "0963180249",
    "registration_method": "email",
    "groups": [],
    "user_permissions": []
  }
},
{
  "model": "authentication.user",
  "pk": "35e74bc7-c3d3-4e7d-be44-8c2ac13ca096",
  "fields": {
    "password": "pbkdf2_sha256$720000$R3yijzvR6P9MGSDjFEw4Yi$JCZSPh5rwSmRYwyogeLAu90AiatOWaos7dDJpI3axbU=",
    "last_login": "2024-02-07T12:36:45.959Z",
    "is_superuser": false,
    "username": "customer",
    "first_name": "MR",
    "last_name": "Customer",
    "email": "customer@123.com",
    "is_staff": false,
    "is_active": true,
    "date_joined": "2024-01-26T16:04:04.026Z",
    "fullname": "Mr Customer",
    "role": "e2ead997-e584-4cfd-93f3-646d98e7c411",
    "phone": "0123456789",
    "registration_method": "email",
    "groups": [],
    "user_permissions": []
  }
},
{
  "model": "authentication.user",
  "pk": "38a42599-1550-4a4a-9de9-a7caf8068433",
  "fields": {
    "password": "pbkdf2_sha256$720000$3OUSLpRudvSa8vvc9pEDf1$10QRin+N+yHWG4SG8DwafYqSDiEn59EBRNV/4iVB8bM=",
    "last_login": "2024-02-07T06:30:49.285Z",
    "is_superuser": true,
    "username": "derleng",
    "first_name": "",
    "last_name": "",
    "email": "derleng@123.com",
    "is_staff": true,
    "is_active": true,
    "date_joined": "2024-01-25T15:51:38Z",
    "fullname": "Mr Derleng",
    "role": "525c7407-dc9e-4220-9a89-9ad6ae00e7f5",
    "phone": "0963180249",
    "registration_method": "email",
    "groups": [],
    "user_permissions": []
  }
},
{
  "model": "authentication.user",
  "pk": "3c807f9b-7e76-4bcc-832c-8a0b2864794f",
  "fields": {
    "password": "pbkdf2_sha256$720000$MVYorx2VwnKIwicOBbdN2Y$kaLLLx8A7h/SQUkm/qX5/Mwc2nwcdQERgFI/16zkVlk=",
    "last_login": "2024-01-31T18:21:35.630Z",
    "is_superuser": true,
    "username": "vendara",
    "first_name": "",
    "last_name": "",
    "email": "vendara@123.com",
    "is_staff": true,
    "is_active": true,
    "date_joined": "2024-01-25T15:52:48Z",
    "fullname": "VEN Dara",
    "role": "525c7407-dc9e-4220-9a89-9ad6ae00e7f5",
    "phone": "0963180249",
    "registration_method": "email",
    "groups": [],
    "user_permissions": []
  }
},
{
  "model": "authentication.user",
  "pk": "45e1c024-12ac-4107-a9c0-8c5aa5fa6a5d",
  "fields": {
    "password": "pbkdf2_sha256$720000$viRXnALkAfiwFoeb8xuI5f$iCGd5xyNc1eobtWV/jfNzudwIdYZNbkwKeKoFchfceM=",
    "last_login": null,
    "is_superuser": false,
    "username": "superman_123",
    "first_name": "",
    "last_name": "",
    "email": "superman_123@123.com",
    "is_staff": false,
    "is_active": true,
    "date_joined": "2024-02-06T02:56:58.096Z",
    "fullname": "Bro Super",
    "role": "e2ead997-e584-4cfd-93f3-646d98e7c411",
    "phone": "+885963180249",
    "registration_method": "email",
    "groups": [],
    "user_permissions": []
  }
},
{
  "model": "authentication.user",
  "pk": "499a00b2-b8dc-4926-8538-a8b30f58b28b",
  "fields": {
    "password": "pbkdf2_sha256$720000$ZsAiekquyEZZLYQk22uF8w$czYMOpJ7PziM5GAoZgcFGWVfXiRG59RJ16x1zNUoGF4=",
    "last_login": null,
    "is_superuser": false,
    "username": "dchwg",
    "first_name": "",
    "last_name": "",
    "email": "dewdw@wwdhqw.com",
    "is_staff": false,
    "is_active": true,
    "date_joined": "2024-02-06T02:00:02.846Z",
    "fullname": "dchwg",
    "role": "e2ead997-e584-4cfd-93f3-646d98e7c411",
    "phone": "+8891313412",
    "registration_method": "email",
    "groups": [],
    "user_permissions": []
  }
},
{
  "model": "authentication.user",
  "pk": "5d2f7ad4-7e4f-47c4-915d-eb51b265ea1a",
  "fields": {
    "password": "pbkdf2_sha256$720000$u4X8hJzRr6rWRdbr2XO8fg$dLDETcKb0RNl1979b45y37gNioXcziy4AztObPRHPRU=",
    "last_login": null,
    "is_superuser": false,
    "username": "dchwg11",
    "first_name": "",
    "last_name": "",
    "email": "dewdw@wwdhqw.com",
    "is_staff": false,
    "is_active": true,
    "date_joined": "2024-02-06T02:01:58.766Z",
    "fullname": "VEN Dara",
    "role": "e2ead997-e584-4cfd-93f3-646d98e7c411",
    "phone": "+8891313412",
    "registration_method": "email",
    "groups": [],
    "user_permissions": []
  }
},
{
  "model": "authentication.user",
  "pk": "6f3b90f9-db6a-40c8-a236-f4127b87be1c",
  "fields": {
    "password": "pbkdf2_sha256$720000$Aex0xbwqYW7dAMOjyodjRg$xeAFCtHsBu4iIaxrK1GQHBukAcZf+MtqKbqllS+Wt4Q=",
    "last_login": null,
    "is_superuser": false,
    "username": "broome11",
    "first_name": "",
    "last_name": "",
    "email": "dewdw@wwdhqw.com",
    "is_staff": false,
    "is_active": true,
    "date_joined": "2024-02-06T01:54:45.372Z",
    "fullname": "VEN Dara",
    "role": "e2ead997-e584-4cfd-93f3-646d98e7c411",
    "phone": "091923192644",
    "registration_method": "email",
    "groups": [],
    "user_permissions": []
  }
},
{
  "model": "authentication.user",
  "pk": "85b1133f-09f1-4ece-a075-d9c6281143f5",
  "fields": {
    "password": "pbkdf2_sha256$720000$PeGj9DcfrkGhcWpZG1SLjp$ecDvfr/HXYAew1FSgYTUEy+8UaDVgIBnNzAqgDeGU2o=",
    "last_login": null,
    "is_superuser": false,
    "username": "123111",
    "first_name": "",
    "last_name": "",
    "email": "customer@123.com",
    "is_staff": false,
    "is_active": true,
    "date_joined": "2024-02-06T01:38:02.043Z",
    "fullname": "Mr Customer",
    "role": "e2ead997-e584-4cfd-93f3-646d98e7c411",
    "phone": "0123456789",
    "registration_method": "email",
    "groups": [],
    "user_permissions": []
  }
},
{
  "model": "authentication.user",
  "pk": "91ef264e-0bae-46e4-8430-8598ec96fa89",
  "fields": {
    "password": "pbkdf2_sha256$720000$jLjpRIHTprH7b5ii9ZK1Aj$2AJI7toaZgSOVP4NZhAVnwj0TynGlzEGcUJTbNpAuPU=",
    "last_login": "2024-02-06T03:04:13.932Z",
    "is_superuser": false,
    "username": "superman_1234",
    "first_name": "",
    "last_name": "",
    "email": "superman_123@123.com",
    "is_staff": false,
    "is_active": true,
    "date_joined": "2024-02-06T02:57:48.403Z",
    "fullname": "superman_123@123.com",
    "role": "e2ead997-e584-4cfd-93f3-646d98e7c411",
    "phone": "+8891313412",
    "registration_method": "email",
    "groups": [],
    "user_permissions": []
  }
},
{
  "model": "authentication.user",
  "pk": "97e15a02-f15a-4e9a-9dc3-b07480657055",
  "fields": {
    "password": "pbkdf2_sha256$720000$MnLqgGkV3HNRJ4wGNw7AAn$QSJN0UWxacDhxbdG/I9/Ao1P6sW7ES8yfuJRkjIlzNg=",
    "last_login": "2024-01-26T16:02:40.381Z",
    "is_superuser": false,
    "username": "hello",
    "first_name": "Mr",
    "last_name": "Hello",
    "email": "hello@123.com",
    "is_staff": false,
    "is_active": true,
    "date_joined": "2024-01-25T16:20:51.468Z",
    "fullname": "Mr Hello",
    "role": "e2ead997-e584-4cfd-93f3-646d98e7c411",
    "phone": "0123456789",
    "registration_method": "email",
    "groups": [],
    "user_permissions": []
  }
},
{
  "model": "authentication.user",
  "pk": "9ffc0c10-0c9d-439e-bb71-39758e870449",
  "fields": {
    "password": "pbkdf2_sha256$720000$jQdNWKBp98OXU5yRdbmKUJ$muCF5w5BpvhGZgAMFvPsWJ6voVrMrpaTXPTTgJbW49Y=",
    "last_login": null,
    "is_superuser": false,
    "username": "broome",
    "first_name": "",
    "last_name": "",
    "email": "broome@gmail.com",
    "is_staff": false,
    "is_active": true,
    "date_joined": "2024-02-06T01:27:11.304Z",
    "fullname": "VEN Dara",
    "role": "e2ead997-e584-4cfd-93f3-646d98e7c411",
    "phone": "+8891313412",
    "registration_method": "email",
    "groups": [],
    "user_permissions": []
  }
},
{
  "model": "authentication.user",
  "pk": "da409f13-3a34-443e-9e9e-fbcd2cbb7994",
  "fields": {
    "password": "!cM0eMAtWb3SGEfrixtdRPtMMpas86NEmSuHNRF6P",
    "last_login": null,
    "is_superuser": false,
    "username": "vendara.work",
    "first_name": "Ven",
    "last_name": "Dara",
    "email": "vendara.work@gmail.com",
    "is_staff": false,
    "is_active": true,
    "date_joined": "2024-02-04T07:55:32.608Z",
    "fullname": "Ven Dara",
    "role": "e2ead997-e584-4cfd-93f3-646d98e7c411",
    "phone": "",
    "registration_method": "email",
    "groups": [],
    "user_permissions": []
  }
},
{
  "model": "authentication.user",
  "pk": "e277a373-26ff-4176-a5ed-807ce3b417e1",
  "fields": {
    "password": "!W1qBK3yewSMTJS7ViCMxiscLisJT3cMaXd1acTmw",
    "last_login": null,
    "is_superuser": false,
    "username": "vendara.389",
    "first_name": "Ven",
    "last_name": "Dara",
    "email": "vendara.389@gmail.com",
    "is_staff": false,
    "is_active": true,
    "date_joined": "2024-02-04T07:31:50.694Z",
    "fullname": "Ven Dara",
    "role": "e2ead997-e584-4cfd-93f3-646d98e7c411",
    "phone": "",
    "registration_method": "email",
    "groups": [],
    "user_permissions": []
  }
},
{
  "model": "authentication.user",
  "pk": "f21fc5eb-34d4-43ce-af59-e7b1788da440",
  "fields": {
    "password": "pbkdf2_sha256$720000$xdDOVseEjIV8COw7WCRQ5P$SD0fkZ/9eyyrb+70kHLoXl47V/Gi79UAVlaVYfR6vks=",
    "last_login": "2024-01-26T15:46:13.227Z",
    "is_superuser": true,
    "username": "bunheng",
    "first_name": "",
    "last_name": "",
    "email": "bunheng@123.com",
    "is_staff": true,
    "is_active": true,
    "date_joined": "2024-01-25T16:27:20Z",
    "fullname": "Bun Heng",
    "role": "525c7407-dc9e-4220-9a89-9ad6ae00e7f5",
    "phone": "0963180249",
    "registration_method": "email",
    "groups": [],
    "user_permissions": []
  }
},
{
  "model": "derleng.profile_image",
  "pk": "a31b1417-7e8d-4a25-9377-99402c8b931b",
  "fields": {
    "user": "33be413a-dd3e-477a-ac7a-e8280c33ebbf",
    "image": "images/initail_profile_images/4736352.png",
    "type": "profile",
    "is_active": true,
    "created_at": "2024-01-25T16:25:16.097Z"
  }
},
{
  "model": "derleng.profile_image",
  "pk": "b694628b-9f97-47cb-a7d7-d295455d0380",
  "fields": {
    "user": "3c807f9b-7e76-4bcc-832c-8a0b2864794f",
    "image": "images/initail_profile_images/Untitled_design_YoyaYQT.png",
    "type": "profile",
    "is_active": true,
    "created_at": "2024-01-25T16:23:44.182Z"
  }
},
{
  "model": "derleng.profile_image",
  "pk": "f27d4e57-a1ca-444d-bf7c-3ad2479ee493",
  "fields": {
    "user": "0bb13a1d-e5f2-4c68-a5c4-0ee708168954",
    "image": "images/initail_profile_images/3849701_stock-vector-angry-girl.jpg",
    "type": "profile",
    "is_active": true,
    "created_at": "2024-01-25T16:26:42.377Z"
  }
},
{
  "model": "derleng.profile_image",
  "pk": "fbea848c-7944-4995-853b-ca1f4c61159a",
  "fields": {
    "user": "38a42599-1550-4a4a-9de9-a7caf8068433",
    "image": "images/initail_profile_images/GettyImages-865119770.jpg",
    "type": "profile",
    "is_active": true,
    "created_at": "2024-01-25T16:24:05.499Z"
  }
},
{
  "model": "derleng.category",
  "pk": "15b9fc8c-637c-48fc-b60a-69091d2dc3f8",
  "fields": {
    "name": "temple"
  }
},
{
  "model": "derleng.category",
  "pk": "6d8c7924-36b9-4d12-aa81-488b35efa5aa",
  "fields": {
    "name": "sea"
  }
},
{
  "model": "derleng.category",
  "pk": "75646237-76cd-41bf-82e4-c2eb435a73b7",
  "fields": {
    "name": "artventure"
  }
},
{
  "model": "derleng.category",
  "pk": "91d2ad1e-b8ad-4772-a5f1-c066156f799e",
  "fields": {
    "name": "mountain"
  }
},
{
  "model": "derleng.category",
  "pk": "c49ed9cb-0933-4ed3-b359-ce08006b2de2",
  "fields": {
    "name": "camping"
  }
},
{
  "model": "derleng.commission",
  "pk": "613b6caf-7bee-4d6d-a58a-c1641eb21a4f",
  "fields": {
    "type": "free",
    "percentage_of_sale_price": "0.00"
  }
},
{
  "model": "derleng.commission",
  "pk": "cfaec487-6a90-4992-9b86-651a2f588b90",
  "fields": {
    "type": "normal",
    "percentage_of_sale_price": "5.00"
  }
},
{
  "model": "derleng.package",
  "pk": "0b566c2a-3e71-4c14-bdf5-0eed178c404c",
  "fields": {
    "user": "33be413a-dd3e-477a-ac7a-e8280c33ebbf",
    "name": "Tour To KPS",
    "description": "Bokor is cute",
    "category": "15b9fc8c-637c-48fc-b60a-69091d2dc3f8",
    "percentage_discount": "10.00",
    "tour_place_coordinate": "{\"lng\":100, \"lat\":200}",
    "address": "Kompot Province",
    "video_url": "https://www.youtube.com/watch?v=2J5uRcaiZcE&list=RD2J5uRcaiZcE&start_radio=1&ab_channel=14FAM",
    "commission": "cfaec487-6a90-4992-9b86-651a2f588b90",
    "is_close": false,
    "created_at": "2024-02-07T04:31:12.529Z"
  }
},
{
  "model": "derleng.package",
  "pk": "0ed81905-718d-4584-85df-460dc875fbe0",
  "fields": {
    "user": "0bb13a1d-e5f2-4c68-a5c4-0ee708168954",
    "name": "Phnom Penh River",
    "description": "Phnom Penh River is good.",
    "category": "6d8c7924-36b9-4d12-aa81-488b35efa5aa",
    "percentage_discount": "0.00",
    "tour_place_coordinate": "{\"lng\":300, \"lat\":200}",
    "address": "Phnom Penh",
    "video_url": "https://www.youtube.com/watch?v=2J5uRcaiZcE&list=RD2J5uRcaiZcE&start_radio=1&ab_channel=14FAM",
    "commission": "cfaec487-6a90-4992-9b86-651a2f588b90",
    "is_close": false,
    "created_at": "2024-02-07T04:31:12.529Z"
  }
},
{
  "model": "derleng.package",
  "pk": "28f6caf9-19e4-4480-919c-b31cb6a21ecb",
  "fields": {
    "user": "33be413a-dd3e-477a-ac7a-e8280c33ebbf",
    "name": "Wowwww",
    "description": "Bokor is cute",
    "category": "15b9fc8c-637c-48fc-b60a-69091d2dc3f8",
    "percentage_discount": "0.00",
    "tour_place_coordinate": "{\"lng\":100, \"lat\":200}",
    "address": "Kompot Province",
    "video_url": "https://www.youtube.com/watch?v=2J5uRcaiZcE&list=RD2J5uRcaiZcE&start_radio=1&ab_channel=14FAM",
    "commission": "cfaec487-6a90-4992-9b86-651a2f588b90",
    "is_close": false,
    "created_at": "2024-02-07T04:31:12.529Z"
  }
},
{
  "model": "derleng.package",
  "pk": "2ac3c355-a76d-419b-b721-66bd8b06f23a",
  "fields": {
    "user": "33be413a-dd3e-477a-ac7a-e8280c33ebbf",
    "name": "So Saby",
    "description": "Angkor Wat is a Hindu-Buddhist temple complex in Cambodia, located on a site measuring 162.6 hectares. It resides within the ancient Khmer capital city of Angkor. The Guinness World Records considers it as the largest religious structure in the world.",
    "category": "15b9fc8c-637c-48fc-b60a-69091d2dc3f8",
    "percentage_discount": "0.00",
    "tour_place_coordinate": "{\"lng\":100, \"lat\":200}",
    "address": "Kompot Province",
    "video_url": "https://www.youtube.com/watch?v=2J5uRcaiZcE&list=RD2J5uRcaiZcE&start_radio=1&ab_channel=14FAM",
    "commission": "cfaec487-6a90-4992-9b86-651a2f588b90",
    "is_close": false,
    "created_at": "2024-02-07T10:09:00.420Z"
  }
},
{
  "model": "derleng.package",
  "pk": "3e35e1d0-5f6c-4975-a567-0b56f82ab03b",
  "fields": {
    "user": "33be413a-dd3e-477a-ac7a-e8280c33ebbf",
    "name": "Tour To KPS",
    "description": "Bokor is cute",
    "category": "15b9fc8c-637c-48fc-b60a-69091d2dc3f8",
    "percentage_discount": "0.00",
    "tour_place_coordinate": "{\"lng\":100, \"lat\":200}",
    "address": "Kompot Province",
    "video_url": "https://www.youtube.com/watch?v=2J5uRcaiZcE&list=RD2J5uRcaiZcE&start_radio=1&ab_channel=14FAM",
    "commission": "cfaec487-6a90-4992-9b86-651a2f588b90",
    "is_close": false,
    "created_at": "2024-02-07T04:31:12.529Z"
  }
},
{
  "model": "derleng.package",
  "pk": "3fa952c8-7d25-44ab-a569-b8d4e686b68f",
  "fields": {
    "user": "33be413a-dd3e-477a-ac7a-e8280c33ebbf",
    "name": "Heart of PhnomPenh",
    "description": "Angkor Wat is a Hindu-Buddhist temple complex in Cambodia, located on a site measuring 162.6 hectares. It resides within the ancient Khmer capital city of Angkor. The Guinness World Records considers it as the largest religious structure in the world.Phnom Penh, Cambodia’s busy capital, sits at the junction of the Mekong and Tonlé Sap rivers. It was a hub for both the Khmer Empire and French colonialists. On its walkable riverfront, lined with parks, restaurants and bars, are the ornate Royal Palace, Silver Pagoda and the National Museum, displaying artifacts from around the country. At the city’s heart is the massive, art deco Central Market.",
    "category": "15b9fc8c-637c-48fc-b60a-69091d2dc3f8",
    "percentage_discount": "0.00",
    "tour_place_coordinate": "{\"lng\":100, \"lat\":200}",
    "address": "Kompot Province",
    "video_url": "https://www.youtube.com/watch?v=2J5uRcaiZcE&list=RD2J5uRcaiZcE&start_radio=1&ab_channel=14FAM",
    "commission": "cfaec487-6a90-4992-9b86-651a2f588b90",
    "is_close": false,
    "created_at": "2024-02-07T10:16:07.670Z"
  }
},
{
  "model": "derleng.package",
  "pk": "4c7656db-a810-461a-8fc7-4c9c73c26523",
  "fields": {
    "user": "33be413a-dd3e-477a-ac7a-e8280c33ebbf",
    "name": "Tour To KPS",
    "description": "Bokor is cute",
    "category": "15b9fc8c-637c-48fc-b60a-69091d2dc3f8",
    "percentage_discount": "0.00",
    "tour_place_coordinate": "{\"lng\":100, \"lat\":200}",
    "address": "Kompot Province",
    "video_url": "https://www.youtube.com/watch?v=2J5uRcaiZcE&list=RD2J5uRcaiZcE&start_radio=1&ab_channel=14FAM",
    "commission": "cfaec487-6a90-4992-9b86-651a2f588b90",
    "is_close": false,
    "created_at": "2024-02-07T04:31:12.529Z"
  }
},
{
  "model": "derleng.package",
  "pk": "5ca50455-8276-4410-8561-23146eb724f2",
  "fields": {
    "user": "33be413a-dd3e-477a-ac7a-e8280c33ebbf",
    "name": "So Saby",
    "description": "Bokor is cute",
    "category": "15b9fc8c-637c-48fc-b60a-69091d2dc3f8",
    "percentage_discount": "0.00",
    "tour_place_coordinate": "{\"lng\":100, \"lat\":200}",
    "address": "Kompot Province",
    "video_url": "https://www.youtube.com/watch?v=2J5uRcaiZcE&list=RD2J5uRcaiZcE&start_radio=1&ab_channel=14FAM",
    "commission": "cfaec487-6a90-4992-9b86-651a2f588b90",
    "is_close": false,
    "created_at": "2024-02-07T09:55:33.775Z"
  }
},
{
  "model": "derleng.package",
  "pk": "6683efb8-cf1e-4ca5-a781-ba44e8502689",
  "fields": {
    "user": "33be413a-dd3e-477a-ac7a-e8280c33ebbf",
    "name": "Bokor mountain",
    "description": "Bokor is cute",
    "category": "15b9fc8c-637c-48fc-b60a-69091d2dc3f8",
    "percentage_discount": "20.00",
    "tour_place_coordinate": "{\"lng\":100, \"lat\":200}",
    "address": "Kompot Province",
    "video_url": "https://www.youtube.com/watch?v=2J5uRcaiZcE&list=RD2J5uRcaiZcE&start_radio=1&ab_channel=14FAM",
    "commission": "cfaec487-6a90-4992-9b86-651a2f588b90",
    "is_close": false,
    "created_at": "2024-02-07T04:31:12.529Z"
  }
},
{
  "model": "derleng.package",
  "pk": "6fd57721-5123-4fe0-b6c3-a0a17cb8d99e",
  "fields": {
    "user": "33be413a-dd3e-477a-ac7a-e8280c33ebbf",
    "name": "Tour To KPS",
    "description": "Bokor is cute",
    "category": "15b9fc8c-637c-48fc-b60a-69091d2dc3f8",
    "percentage_discount": "0.00",
    "tour_place_coordinate": "{\"lng\":100, \"lat\":200}",
    "address": "Kompot Province",
    "video_url": "https://www.youtube.com/watch?v=2J5uRcaiZcE&list=RD2J5uRcaiZcE&start_radio=1&ab_channel=14FAM",
    "commission": "cfaec487-6a90-4992-9b86-651a2f588b90",
    "is_close": false,
    "created_at": "2024-02-07T04:31:12.529Z"
  }
},
{
  "model": "derleng.package",
  "pk": "6fd827b8-976f-4748-89a5-e3a29083c98e",
  "fields": {
    "user": "3c807f9b-7e76-4bcc-832c-8a0b2864794f",
    "name": "Bokor Mountain",
    "description": "Preah Vihea Temple is a beautiful place.",
    "category": "6d8c7924-36b9-4d12-aa81-488b35efa5aa",
    "percentage_discount": "0.00",
    "tour_place_coordinate": "{\"lng\":100, \"lat\":200}",
    "address": "Kompot",
    "video_url": "https://www.youtube.com/watch?v=2J5uRcaiZcE&list=RD2J5uRcaiZcE&start_radio=1&ab_channel=14FAM",
    "commission": "cfaec487-6a90-4992-9b86-651a2f588b90",
    "is_close": false,
    "created_at": "2024-02-07T04:31:12.529Z"
  }
},
{
  "model": "derleng.package",
  "pk": "74fc062f-c5b0-4534-8d61-05fe4e4ed5b0",
  "fields": {
    "user": "33be413a-dd3e-477a-ac7a-e8280c33ebbf",
    "name": "Tour To KPS",
    "description": "Bokor is cute",
    "category": "15b9fc8c-637c-48fc-b60a-69091d2dc3f8",
    "percentage_discount": "0.00",
    "tour_place_coordinate": "{\"lng\":100, \"lat\":200}",
    "address": "Kompot Province",
    "video_url": "https://www.youtube.com/watch?v=2J5uRcaiZcE&list=RD2J5uRcaiZcE&start_radio=1&ab_channel=14FAM",
    "commission": "cfaec487-6a90-4992-9b86-651a2f588b90",
    "is_close": false,
    "created_at": "2024-02-07T04:31:12.529Z"
  }
},
{
  "model": "derleng.package",
  "pk": "9ad5999c-0937-4c98-8fcc-504ef98d9d10",
  "fields": {
    "user": "33be413a-dd3e-477a-ac7a-e8280c33ebbf",
    "name": "Tour To KPS",
    "description": "Bokor is cute",
    "category": "15b9fc8c-637c-48fc-b60a-69091d2dc3f8",
    "percentage_discount": "0.00",
    "tour_place_coordinate": "{\"lng\":100, \"lat\":200}",
    "address": "Kompot Province",
    "video_url": "https://www.youtube.com/watch?v=2J5uRcaiZcE&list=RD2J5uRcaiZcE&start_radio=1&ab_channel=14FAM",
    "commission": "cfaec487-6a90-4992-9b86-651a2f588b90",
    "is_close": false,
    "created_at": "2024-02-07T04:31:12.529Z"
  }
},
{
  "model": "derleng.package",
  "pk": "9f27bacb-3f4b-463f-b1e3-8a4d2946d944",
  "fields": {
    "user": "33be413a-dd3e-477a-ac7a-e8280c33ebbf",
    "name": "Tour To KPS",
    "description": "Bokor is cute",
    "category": "15b9fc8c-637c-48fc-b60a-69091d2dc3f8",
    "percentage_discount": "0.00",
    "tour_place_coordinate": "{\"lng\":100, \"lat\":200}",
    "address": "Kompot Province",
    "video_url": "https://www.youtube.com/watch?v=2J5uRcaiZcE&list=RD2J5uRcaiZcE&start_radio=1&ab_channel=14FAM",
    "commission": "cfaec487-6a90-4992-9b86-651a2f588b90",
    "is_close": false,
    "created_at": "2024-02-07T04:31:12.529Z"
  }
},
{
  "model": "derleng.package",
  "pk": "abae2460-75ec-4439-a4a3-666a72b8ea53",
  "fields": {
    "user": "0bb13a1d-e5f2-4c68-a5c4-0ee708168954",
    "name": "Bokor mountain",
    "description": "Bokor is cute",
    "category": "15b9fc8c-637c-48fc-b60a-69091d2dc3f8",
    "percentage_discount": "0.00",
    "tour_place_coordinate": "{\"lng\":100, \"lat\":200}",
    "address": "Kompot Province",
    "video_url": "https://www.youtube.com/watch?v=2J5uRcaiZcE&list=RD2J5uRcaiZcE&start_radio=1&ab_channel=14FAM",
    "commission": "cfaec487-6a90-4992-9b86-651a2f588b90",
    "is_close": false,
    "created_at": "2024-02-07T04:31:12.529Z"
  }
},
{
  "model": "derleng.package",
  "pk": "b658776b-135d-40ba-a4e5-01f089548a92",
  "fields": {
    "user": "3c807f9b-7e76-4bcc-832c-8a0b2864794f",
    "name": "Preah Vihea Temple",
    "description": "Preah Vihea Temple is a beautiful place.",
    "category": "6d8c7924-36b9-4d12-aa81-488b35efa5aa",
    "percentage_discount": "0.00",
    "tour_place_coordinate": "{\"lng\":100, \"lat\":200}",
    "address": "Preah Vihea",
    "video_url": "https://www.youtube.com/watch?v=2J5uRcaiZcE&list=RD2J5uRcaiZcE&start_radio=1&ab_channel=14FAM",
    "commission": "cfaec487-6a90-4992-9b86-651a2f588b90",
    "is_close": false,
    "created_at": "2024-02-07T04:31:12.529Z"
  }
},
{
  "model": "derleng.package",
  "pk": "b92c86f7-3c89-43dd-873e-0c65b004bd02",
  "fields": {
    "user": "33be413a-dd3e-477a-ac7a-e8280c33ebbf",
    "name": "Tour To KPS",
    "description": "Bokor is cute",
    "category": "15b9fc8c-637c-48fc-b60a-69091d2dc3f8",
    "percentage_discount": "0.00",
    "tour_place_coordinate": "{\"lng\":100, \"lat\":200}",
    "address": "Kompot Province",
    "video_url": "https://www.youtube.com/watch?v=2J5uRcaiZcE&list=RD2J5uRcaiZcE&start_radio=1&ab_channel=14FAM",
    "commission": "cfaec487-6a90-4992-9b86-651a2f588b90",
    "is_close": false,
    "created_at": "2024-02-07T04:31:12.529Z"
  }
},
{
  "model": "derleng.package",
  "pk": "ba122079-e791-42a1-8f5f-cc73aadf6532",
  "fields": {
    "user": "33be413a-dd3e-477a-ac7a-e8280c33ebbf",
    "name": "Tour To KPS",
    "description": "Bokor is cute",
    "category": "15b9fc8c-637c-48fc-b60a-69091d2dc3f8",
    "percentage_discount": "0.00",
    "tour_place_coordinate": "{\"lng\":100, \"lat\":200}",
    "address": "Kompot Province",
    "video_url": "https://www.youtube.com/watch?v=2J5uRcaiZcE&list=RD2J5uRcaiZcE&start_radio=1&ab_channel=14FAM",
    "commission": "cfaec487-6a90-4992-9b86-651a2f588b90",
    "is_close": false,
    "created_at": "2024-02-07T04:31:12.529Z"
  }
},
{
  "model": "derleng.package",
  "pk": "c327b5ff-9c6b-4524-88cb-26c87ebc4279",
  "fields": {
    "user": "33be413a-dd3e-477a-ac7a-e8280c33ebbf",
    "name": "Bokor mountain",
    "description": "Bokor is cute",
    "category": "15b9fc8c-637c-48fc-b60a-69091d2dc3f8",
    "percentage_discount": "0.00",
    "tour_place_coordinate": "{\"lng\":100, \"lat\":200}",
    "address": "Kompot Province",
    "video_url": "https://www.youtube.com/watch?v=2J5uRcaiZcE&list=RD2J5uRcaiZcE&start_radio=1&ab_channel=14FAM",
    "commission": "cfaec487-6a90-4992-9b86-651a2f588b90",
    "is_close": false,
    "created_at": "2024-02-07T04:31:12.529Z"
  }
},
{
  "model": "derleng.package",
  "pk": "ec202cc9-21af-402d-905d-2535673c4cfb",
  "fields": {
    "user": "33be413a-dd3e-477a-ac7a-e8280c33ebbf",
    "name": "Tour To KPS",
    "description": "Bokor is cute",
    "category": "15b9fc8c-637c-48fc-b60a-69091d2dc3f8",
    "percentage_discount": "60.00",
    "tour_place_coordinate": "{\"lng\":100, \"lat\":200}",
    "address": "Kompot Province",
    "video_url": "https://www.youtube.com/watch?v=2J5uRcaiZcE&list=RD2J5uRcaiZcE&start_radio=1&ab_channel=14FAM",
    "commission": "cfaec487-6a90-4992-9b86-651a2f588b90",
    "is_close": false,
    "created_at": "2024-02-07T04:31:12.529Z"
  }
},
{
  "model": "derleng.package_image",
  "pk": "057a7638-e3a9-4ba7-894d-adb30e7a68b5",
  "fields": {
    "package": "5ca50455-8276-4410-8561-23146eb724f2",
    "image": "images/package_images/a4694401-69a7-4251-b6a2-ab24c60479dc_kebxRwP.jpg",
    "type": "normal"
  }
},
{
  "model": "derleng.package_image",
  "pk": "0ba4b538-84d5-4168-b4d7-74cc426c8238",
  "fields": {
    "package": "3fa952c8-7d25-44ab-a569-b8d4e686b68f",
    "image": "images/package_images/Phnom-Penh-Cambodia-Royal-Palace-3-1.jpg",
    "type": "thumbnail"
  }
},
{
  "model": "derleng.package_image",
  "pk": "0ca57c9f-f640-4d82-9089-78a79eac904e",
  "fields": {
    "package": "5ca50455-8276-4410-8561-23146eb724f2",
    "image": "images/package_images/TB_Waterfall_27PlFxR.jpg",
    "type": "cover"
  }
},
{
  "model": "derleng.package_image",
  "pk": "0f30c3df-1aa6-4889-a367-4c19901a980d",
  "fields": {
    "package": "2ac3c355-a76d-419b-b721-66bd8b06f23a",
    "image": "images/package_images/elephant-bayon-temple-angor-wat-cambodia_980x650.jpg",
    "type": "thumbnail"
  }
},
{
  "model": "derleng.package_image",
  "pk": "0ff07df0-bbde-4b0a-85df-c639ec7b7ead",
  "fields": {
    "package": "c327b5ff-9c6b-4524-88cb-26c87ebc4279",
    "image": "images/package_images/a4694401-69a7-4251-b6a2-ab24c60479dc_fEbhpr4.jpg",
    "type": "normal"
  }
},
{
  "model": "derleng.package_image",
  "pk": "10c28a59-86dd-44fa-952d-53e465a3c539",
  "fields": {
    "package": "6fd57721-5123-4fe0-b6c3-a0a17cb8d99e",
    "image": "images/package_images/Angkor_Wat_Temple_ouyBB1d.jpg",
    "type": "thumbnail"
  }
},
{
  "model": "derleng.package_image",
  "pk": "1a2a4f9e-9c55-4b13-a144-53818899f185",
  "fields": {
    "package": "0ed81905-718d-4584-85df-460dc875fbe0",
    "image": "images/initail_package_images/Angkor_Wat_Temple_IfIifAn.jpg",
    "type": "normal"
  }
},
{
  "model": "derleng.package_image",
  "pk": "1b469905-ea0f-4272-be97-d58cbd8080a0",
  "fields": {
    "package": "6fd57721-5123-4fe0-b6c3-a0a17cb8d99e",
    "image": "images/package_images/TB_Waterfall_vrLxEym.jpg",
    "type": "cover"
  }
},
{
  "model": "derleng.package_image",
  "pk": "1d56b9b8-8d64-4028-9127-ef2d33fa3ec1",
  "fields": {
    "package": "3fa952c8-7d25-44ab-a569-b8d4e686b68f",
    "image": "images/package_images/a4694401-69a7-4251-b6a2-ab24c60479dc_SR0A2f7.jpg",
    "type": "normal"
  }
},
{
  "model": "derleng.package_image",
  "pk": "1e917717-847f-4d9f-9785-09daf1fa8045",
  "fields": {
    "package": "3e35e1d0-5f6c-4975-a567-0b56f82ab03b",
    "image": "images/package_images/Angkor_Wat_Temple_jUYdNsX.jpg",
    "type": "normal"
  }
},
{
  "model": "derleng.package_image",
  "pk": "1f5ae132-f4f6-44e8-88e3-cc629a76f631",
  "fields": {
    "package": "9ad5999c-0937-4c98-8fcc-504ef98d9d10",
    "image": "images/package_images/a4694401-69a7-4251-b6a2-ab24c60479dc_7IiSRi0.jpg",
    "type": "normal"
  }
},
{
  "model": "derleng.package_image",
  "pk": "2026f68a-30fb-4be0-9191-16e42a77487d",
  "fields": {
    "package": "ec202cc9-21af-402d-905d-2535673c4cfb",
    "image": "images/package_images/16013937538_336f675b6d_o-scaled_9DPDJ1W.jpg",
    "type": "normal"
  }
},
{
  "model": "derleng.package_image",
  "pk": "2149960c-b6ac-483c-86e7-9c32ad13d08e",
  "fields": {
    "package": "74fc062f-c5b0-4534-8d61-05fe4e4ed5b0",
    "image": "images/package_images/a4694401-69a7-4251-b6a2-ab24c60479dc_kDP5i0q.jpg",
    "type": "normal"
  }
},
{
  "model": "derleng.package_image",
  "pk": "222dfd80-291f-46c7-afd9-e6d2db2281b1",
  "fields": {
    "package": "2ac3c355-a76d-419b-b721-66bd8b06f23a",
    "image": "images/package_images/TB_Waterfall_g5VXKLO.jpg",
    "type": "cover"
  }
},
{
  "model": "derleng.package_image",
  "pk": "24e78783-4e0c-45dd-8e90-ef77edb9271e",
  "fields": {
    "package": "5ca50455-8276-4410-8561-23146eb724f2",
    "image": "images/package_images/Angkor_Wat_Temple_pKVzzBP.jpg",
    "type": "thumbnail"
  }
},
{
  "model": "derleng.package_image",
  "pk": "254dd8ff-c090-41bd-836d-f80d69ee0538",
  "fields": {
    "package": "0ed81905-718d-4584-85df-460dc875fbe0",
    "image": "images/package_images/TB_Waterfall_Hacld5G.jpg",
    "type": "cover"
  }
},
{
  "model": "derleng.package_image",
  "pk": "2722acaf-d188-491d-a95f-54649d6718fc",
  "fields": {
    "package": "6683efb8-cf1e-4ca5-a781-ba44e8502689",
    "image": "images/package_images/Angkor_Wat_Temple_wI1vGtB.jpg",
    "type": "thumbnail"
  }
},
{
  "model": "derleng.package_image",
  "pk": "2855fb21-bfdf-48ec-ac23-b55ac0a7bbe3",
  "fields": {
    "package": "4c7656db-a810-461a-8fc7-4c9c73c26523",
    "image": "images/package_images/16013937538_336f675b6d_o-scaled_fgM6DKy.jpg",
    "type": "normal"
  }
},
{
  "model": "derleng.package_image",
  "pk": "299b757c-37a7-426a-85a0-59c945486ab6",
  "fields": {
    "package": "ba122079-e791-42a1-8f5f-cc73aadf6532",
    "image": "images/package_images/Angkor_Wat_Temple_AIg0Ubc.jpg",
    "type": "normal"
  }
},
{
  "model": "derleng.package_image",
  "pk": "2c902886-c586-4a9e-bd2d-9170260551dd",
  "fields": {
    "package": "b92c86f7-3c89-43dd-873e-0c65b004bd02",
    "image": "images/package_images/TB_Waterfall_0YkV5Sh.jpg",
    "type": "cover"
  }
},
{
  "model": "derleng.package_image",
  "pk": "3009a07c-8978-4312-b386-62134f7cf7c9",
  "fields": {
    "package": "2ac3c355-a76d-419b-b721-66bd8b06f23a",
    "image": "images/package_images/Angkor_Wat_Temple_0qmg8Ac.jpg",
    "type": "normal"
  }
},
{
  "model": "derleng.package_image",
  "pk": "3076f537-5ade-4b1a-93e6-f3a73ff53453",
  "fields": {
    "package": "5ca50455-8276-4410-8561-23146eb724f2",
    "image": "images/package_images/16013937538_336f675b6d_o-scaled_65Arle4.jpg",
    "type": "normal"
  }
},
{
  "model": "derleng.package_image",
  "pk": "36903083-dd2f-4849-b786-6ff4290cda23",
  "fields": {
    "package": "b658776b-135d-40ba-a4e5-01f089548a92",
    "image": "images/initail_package_images/Angkor_Wat_Temple.jpg",
    "type": "normal"
  }
},
{
  "model": "derleng.package_image",
  "pk": "3990573a-4a55-4fd1-86d8-7beed97eab47",
  "fields": {
    "package": "6fd827b8-976f-4748-89a5-e3a29083c98e",
    "image": "images/initail_package_images/Bokor_palace_hotel_Cambodia.jpg",
    "type": "normal"
  }
},
{
  "model": "derleng.package_image",
  "pk": "3e4e9fc3-7800-4876-ba1e-4ad103577fd3",
  "fields": {
    "package": "0b566c2a-3e71-4c14-bdf5-0eed178c404c",
    "image": "images/package_images/16013937538_336f675b6d_o-scaled_iNimyD4.jpg",
    "type": "normal"
  }
},
{
  "model": "derleng.package_image",
  "pk": "40fb7605-5f93-441e-87cd-91de9c9de7c2",
  "fields": {
    "package": "6fd827b8-976f-4748-89a5-e3a29083c98e",
    "image": "images/initail_package_images/GettyImages-865119770_Xr4jIRc.jpg",
    "type": "normal"
  }
},
{
  "model": "derleng.package_image",
  "pk": "41aec313-8687-4d18-bb2b-46980c0a099d",
  "fields": {
    "package": "c327b5ff-9c6b-4524-88cb-26c87ebc4279",
    "image": "images/package_images/Angkor_Wat_Temple_sVwXaxG.jpg",
    "type": "thumbnail"
  }
},
{
  "model": "derleng.package_image",
  "pk": "44471666-da09-4fdf-8c28-08ca25e0924b",
  "fields": {
    "package": "b92c86f7-3c89-43dd-873e-0c65b004bd02",
    "image": "images/package_images/16013937538_336f675b6d_o-scaled_3dEL6vq.jpg",
    "type": "normal"
  }
},
{
  "model": "derleng.package_image",
  "pk": "473329d2-956f-4469-aefe-50508e92a6a4",
  "fields": {
    "package": "28f6caf9-19e4-4480-919c-b31cb6a21ecb",
    "image": "images/package_images/16013937538_336f675b6d_o-scaled_bHN4eWt.jpg",
    "type": "normal"
  }
},
{
  "model": "derleng.package_image",
  "pk": "49c646bb-55e1-44fb-b25c-8f32de0caf53",
  "fields": {
    "package": "6683efb8-cf1e-4ca5-a781-ba44e8502689",
    "image": "images/package_images/a4694401-69a7-4251-b6a2-ab24c60479dc_ZJgvecx.jpg",
    "type": "normal"
  }
},
{
  "model": "derleng.package_image",
  "pk": "4a51e708-9407-47c7-aaf9-53244000f639",
  "fields": {
    "package": "0b566c2a-3e71-4c14-bdf5-0eed178c404c",
    "image": "images/package_images/Angkor_Wat_Temple_Igld5Vf.jpg",
    "type": "normal"
  }
},
{
  "model": "derleng.package_image",
  "pk": "4cce073f-7a13-4274-8a03-96276e8fffe5",
  "fields": {
    "package": "9f27bacb-3f4b-463f-b1e3-8a4d2946d944",
    "image": "images/package_images/Angkor_Wat_Temple_Qwvaa9z.jpg",
    "type": "thumbnail"
  }
},
{
  "model": "derleng.package_image",
  "pk": "4d295bee-4a8d-4626-b2de-f2410b5d86cb",
  "fields": {
    "package": "2ac3c355-a76d-419b-b721-66bd8b06f23a",
    "image": "images/package_images/16013937538_336f675b6d_o-scaled_6kwgXB8.jpg",
    "type": "normal"
  }
},
{
  "model": "derleng.package_image",
  "pk": "4e69d3c2-a751-4ace-a43f-bf989e31d60a",
  "fields": {
    "package": "4c7656db-a810-461a-8fc7-4c9c73c26523",
    "image": "images/package_images/TB_Waterfall_ij34RGE.jpg",
    "type": "cover"
  }
},
{
  "model": "derleng.package_image",
  "pk": "4f9f3446-99a6-41f3-851a-e3541e24fefc",
  "fields": {
    "package": "74fc062f-c5b0-4534-8d61-05fe4e4ed5b0",
    "image": "images/package_images/Angkor_Wat_Temple_ewqyX8M.jpg",
    "type": "thumbnail"
  }
},
{
  "model": "derleng.package_image",
  "pk": "4fefdd63-c21f-4731-b8ee-b2fd516f2ade",
  "fields": {
    "package": "6683efb8-cf1e-4ca5-a781-ba44e8502689",
    "image": "images/package_images/16013937538_336f675b6d_o-scaled_gIHAGU3.jpg",
    "type": "normal"
  }
},
{
  "model": "derleng.package_image",
  "pk": "5d56e9ba-8d39-43df-a7e1-4344721d634b",
  "fields": {
    "package": "c327b5ff-9c6b-4524-88cb-26c87ebc4279",
    "image": "images/package_images/16013937538_336f675b6d_o-scaled_RTibz3X.jpg",
    "type": "normal"
  }
},
{
  "model": "derleng.package_image",
  "pk": "5d68e8ca-5d10-4d56-b689-0d3cb8b09954",
  "fields": {
    "package": "0ed81905-718d-4584-85df-460dc875fbe0",
    "image": "images/initail_package_images/TB_Waterfall.jpg",
    "type": "normal"
  }
},
{
  "model": "derleng.package_image",
  "pk": "5d98c6fb-7443-444e-b880-5f55c88548e0",
  "fields": {
    "package": "b658776b-135d-40ba-a4e5-01f089548a92",
    "image": "images/initail_package_images/GettyImages-865119770.jpg",
    "type": "normal"
  }
},
{
  "model": "derleng.package_image",
  "pk": "6050b0d1-dcb3-4277-a431-616467601b0f",
  "fields": {
    "package": "ba122079-e791-42a1-8f5f-cc73aadf6532",
    "image": "images/package_images/Angkor_Wat_Temple_q8vuTsU.jpg",
    "type": "thumbnail"
  }
},
{
  "model": "derleng.package_image",
  "pk": "612db04a-3e80-4e42-befa-c297151010e8",
  "fields": {
    "package": "c327b5ff-9c6b-4524-88cb-26c87ebc4279",
    "image": "images/package_images/Angkor_Wat_Temple_7j4cdYA.jpg",
    "type": "normal"
  }
},
{
  "model": "derleng.package_image",
  "pk": "633a4d8f-b313-425b-9e39-be1a72dbc9f1",
  "fields": {
    "package": "0ed81905-718d-4584-85df-460dc875fbe0",
    "image": "images/initail_package_images/16013937538_336f675b6d_o-scaled_mXINrPn.jpg",
    "type": "normal"
  }
},
{
  "model": "derleng.package_image",
  "pk": "6413e37d-e434-4ac5-9c9e-a4c5446a3993",
  "fields": {
    "package": "ba122079-e791-42a1-8f5f-cc73aadf6532",
    "image": "images/package_images/a4694401-69a7-4251-b6a2-ab24c60479dc_NPnFaIx.jpg",
    "type": "normal"
  }
},
{
  "model": "derleng.package_image",
  "pk": "69c5ef16-f606-4d82-b356-f535f141b353",
  "fields": {
    "package": "4c7656db-a810-461a-8fc7-4c9c73c26523",
    "image": "images/package_images/Angkor_Wat_Temple_KN0stq4.jpg",
    "type": "thumbnail"
  }
},
{
  "model": "derleng.package_image",
  "pk": "6abaf62e-0438-4dbb-8911-399e6abfa513",
  "fields": {
    "package": "ba122079-e791-42a1-8f5f-cc73aadf6532",
    "image": "images/package_images/16013937538_336f675b6d_o-scaled_K8WZFa7.jpg",
    "type": "normal"
  }
},
{
  "model": "derleng.package_image",
  "pk": "6ac042de-6147-4e93-ad69-8ee9e8583381",
  "fields": {
    "package": "6fd827b8-976f-4748-89a5-e3a29083c98e",
    "image": "images/initail_package_images/_12b566c4-ffbd-412e-9af8-60fd654489aa.jpg",
    "type": "normal"
  }
},
{
  "model": "derleng.package_image",
  "pk": "735c2807-71e2-4d06-bd93-7492f3a5b7e2",
  "fields": {
    "package": "ec202cc9-21af-402d-905d-2535673c4cfb",
    "image": "images/package_images/Angkor_Wat_Temple_Ufb9NnV.jpg",
    "type": "thumbnail"
  }
},
{
  "model": "derleng.package_image",
  "pk": "758c4b04-c35d-4625-8394-bba0120f0241",
  "fields": {
    "package": "28f6caf9-19e4-4480-919c-b31cb6a21ecb",
    "image": "images/package_images/a4694401-69a7-4251-b6a2-ab24c60479dc_wLPaxOh.jpg",
    "type": "normal"
  }
},
{
  "model": "derleng.package_image",
  "pk": "759ce22c-7c47-4bde-b9fa-d1107887b999",
  "fields": {
    "package": "2ac3c355-a76d-419b-b721-66bd8b06f23a",
    "image": "images/package_images/a4694401-69a7-4251-b6a2-ab24c60479dc_rEtoAt1.jpg",
    "type": "normal"
  }
},
{
  "model": "derleng.package_image",
  "pk": "7d01975f-f4d0-4c3d-ab32-2dd179174e25",
  "fields": {
    "package": "ba122079-e791-42a1-8f5f-cc73aadf6532",
    "image": "images/package_images/TB_Waterfall_QmsJNgA.jpg",
    "type": "cover"
  }
},
{
  "model": "derleng.package_image",
  "pk": "7e5df94b-7eae-4dad-a69d-a86062ef820b",
  "fields": {
    "package": "4c7656db-a810-461a-8fc7-4c9c73c26523",
    "image": "images/package_images/Angkor_Wat_Temple_OBIX1Os.jpg",
    "type": "normal"
  }
},
{
  "model": "derleng.package_image",
  "pk": "7f128f01-e6b7-46f6-8d68-3368b5f945aa",
  "fields": {
    "package": "abae2460-75ec-4439-a4a3-666a72b8ea53",
    "image": "images/package_images/Angkor_Wat_Temple.jpg",
    "type": "thumbnail"
  }
},
{
  "model": "derleng.package_image",
  "pk": "7f9fd1af-35de-4bcb-82e2-a9c7497005f5",
  "fields": {
    "package": "0b566c2a-3e71-4c14-bdf5-0eed178c404c",
    "image": "images/package_images/a4694401-69a7-4251-b6a2-ab24c60479dc_nSl98bg.jpg",
    "type": "normal"
  }
},
{
  "model": "derleng.package_image",
  "pk": "83edbf46-8a1f-4c15-80e9-adc984e63163",
  "fields": {
    "package": "9f27bacb-3f4b-463f-b1e3-8a4d2946d944",
    "image": "images/package_images/TB_Waterfall_y82djvF.jpg",
    "type": "cover"
  }
},
{
  "model": "derleng.package_image",
  "pk": "85c67319-1f2a-4479-bb55-cbecd6c116c3",
  "fields": {
    "package": "28f6caf9-19e4-4480-919c-b31cb6a21ecb",
    "image": "images/package_images/Angkor_Wat_Temple_1b47mMm.jpg",
    "type": "normal"
  }
},
{
  "model": "derleng.package_image",
  "pk": "85d5a162-5e82-46ec-8fcc-be9593bde8bc",
  "fields": {
    "package": "0b566c2a-3e71-4c14-bdf5-0eed178c404c",
    "image": "images/package_images/TB_Waterfall_Kz9SI7d.jpg",
    "type": "cover"
  }
},
{
  "model": "derleng.package_image",
  "pk": "8612916f-37f5-4eee-a74f-3018be4aa8ba",
  "fields": {
    "package": "9f27bacb-3f4b-463f-b1e3-8a4d2946d944",
    "image": "images/package_images/a4694401-69a7-4251-b6a2-ab24c60479dc_55h3ml0.jpg",
    "type": "normal"
  }
},
{
  "model": "derleng.package_image",
  "pk": "8c870dd9-4ef7-4af7-894e-e7350de4463a",
  "fields": {
    "package": "74fc062f-c5b0-4534-8d61-05fe4e4ed5b0",
    "image": "images/package_images/TB_Waterfall_8ymrUrE.jpg",
    "type": "cover"
  }
},
{
  "model": "derleng.package_image",
  "pk": "902bc24a-196b-438a-93da-0ff717e75bee",
  "fields": {
    "package": "9f27bacb-3f4b-463f-b1e3-8a4d2946d944",
    "image": "images/package_images/Angkor_Wat_Temple_X1z9r7I.jpg",
    "type": "normal"
  }
},
{
  "model": "derleng.package_image",
  "pk": "980afd90-4607-4a38-be79-3adf067062e3",
  "fields": {
    "package": "3e35e1d0-5f6c-4975-a567-0b56f82ab03b",
    "image": "images/package_images/TB_Waterfall_4rQ3BBv.jpg",
    "type": "cover"
  }
},
{
  "model": "derleng.package_image",
  "pk": "9994bf43-9cdd-4b44-8855-45a5dc618d9a",
  "fields": {
    "package": "0ed81905-718d-4584-85df-460dc875fbe0",
    "image": "images/initail_package_images/GettyImages-865119770_vQeJsvn.jpg",
    "type": "normal"
  }
},
{
  "model": "derleng.package_image",
  "pk": "9b06e941-b9fc-402f-b105-cf55a9e47bc7",
  "fields": {
    "package": "6fd57721-5123-4fe0-b6c3-a0a17cb8d99e",
    "image": "images/package_images/16013937538_336f675b6d_o-scaled_fDv7QYa.jpg",
    "type": "normal"
  }
},
{
  "model": "derleng.package_image",
  "pk": "9c6c0ad5-b36e-41ff-bf9c-6d8de0c8eda1",
  "fields": {
    "package": "28f6caf9-19e4-4480-919c-b31cb6a21ecb",
    "image": "images/package_images/Angkor_Wat_Temple_TgzmkYc.jpg",
    "type": "thumbnail"
  }
},
{
  "model": "derleng.package_image",
  "pk": "a00d7fc1-581b-402c-b39c-8e722294f444",
  "fields": {
    "package": "6fd827b8-976f-4748-89a5-e3a29083c98e",
    "image": "images/initail_package_images/maxresdefault_2.jpg",
    "type": "normal"
  }
},
{
  "model": "derleng.package_image",
  "pk": "a06dc5a7-d713-4815-8fb6-2a028c1ed59c",
  "fields": {
    "package": "9ad5999c-0937-4c98-8fcc-504ef98d9d10",
    "image": "images/package_images/TB_Waterfall_8zRbBnu.jpg",
    "type": "cover"
  }
},
{
  "model": "derleng.package_image",
  "pk": "a26a4a6f-5311-4326-bcbc-a156144edf44",
  "fields": {
    "package": "b92c86f7-3c89-43dd-873e-0c65b004bd02",
    "image": "images/package_images/Angkor_Wat_Temple_Yz13oUA.jpg",
    "type": "normal"
  }
},
{
  "model": "derleng.package_image",
  "pk": "a84010b2-b74d-45af-904a-c7eee2812edd",
  "fields": {
    "package": "3fa952c8-7d25-44ab-a569-b8d4e686b68f",
    "image": "images/package_images/TB_Waterfall_sIAkLy6.jpg",
    "type": "cover"
  }
},
{
  "model": "derleng.package_image",
  "pk": "aee25f4d-696b-42e3-9262-b7e81dbd8999",
  "fields": {
    "package": "b92c86f7-3c89-43dd-873e-0c65b004bd02",
    "image": "images/package_images/a4694401-69a7-4251-b6a2-ab24c60479dc_kzoCKHu.jpg",
    "type": "normal"
  }
},
{
  "model": "derleng.package_image",
  "pk": "aee63fc7-ee25-480a-b14e-a941ad43b056",
  "fields": {
    "package": "3e35e1d0-5f6c-4975-a567-0b56f82ab03b",
    "image": "images/package_images/Angkor_Wat_Temple_aA913Ch.jpg",
    "type": "thumbnail"
  }
},
{
  "model": "derleng.package_image",
  "pk": "af4d265c-0ddc-41a2-bbba-044a76f42124",
  "fields": {
    "package": "74fc062f-c5b0-4534-8d61-05fe4e4ed5b0",
    "image": "images/package_images/Angkor_Wat_Temple_fHmnknr.jpg",
    "type": "normal"
  }
},
{
  "model": "derleng.package_image",
  "pk": "b267db3d-902b-42ce-a546-0e687006b8b1",
  "fields": {
    "package": "6fd57721-5123-4fe0-b6c3-a0a17cb8d99e",
    "image": "images/package_images/a4694401-69a7-4251-b6a2-ab24c60479dc_NHno3Kr.jpg",
    "type": "normal"
  }
},
{
  "model": "derleng.package_image",
  "pk": "b4d5d645-ea81-439d-948b-3697e1891f93",
  "fields": {
    "package": "5ca50455-8276-4410-8561-23146eb724f2",
    "image": "images/package_images/Angkor_Wat_Temple_o4xJnTd.jpg",
    "type": "normal"
  }
},
{
  "model": "derleng.package_image",
  "pk": "b5a056db-e6c0-42a2-91ce-2b0023ebdbb4",
  "fields": {
    "package": "3e35e1d0-5f6c-4975-a567-0b56f82ab03b",
    "image": "images/package_images/a4694401-69a7-4251-b6a2-ab24c60479dc_fDfD7Tf.jpg",
    "type": "normal"
  }
},
{
  "model": "derleng.package_image",
  "pk": "b921a24d-3848-4dad-9ad0-39bb2f9b42ee",
  "fields": {
    "package": "6683efb8-cf1e-4ca5-a781-ba44e8502689",
    "image": "images/package_images/TB_Waterfall_yoJic9e.jpg",
    "type": "cover"
  }
},
{
  "model": "derleng.package_image",
  "pk": "b9690a9c-76ab-4d73-98b3-122319a2de0f",
  "fields": {
    "package": "6fd827b8-976f-4748-89a5-e3a29083c98e",
    "image": "images/initail_package_images/a4694401-69a7-4251-b6a2-ab24c60479dc.jpg",
    "type": "normal"
  }
},
{
  "model": "derleng.package_image",
  "pk": "bb67051d-f96e-4913-a239-a84a695ee166",
  "fields": {
    "package": "3fa952c8-7d25-44ab-a569-b8d4e686b68f",
    "image": "images/package_images/16013937538_336f675b6d_o-scaled_Lq8zDzn.jpg",
    "type": "normal"
  }
},
{
  "model": "derleng.package_image",
  "pk": "bbda416f-2bd9-4ac3-99bc-aebd0611824a",
  "fields": {
    "package": "ec202cc9-21af-402d-905d-2535673c4cfb",
    "image": "images/package_images/Angkor_Wat_Temple_cONaVPP.jpg",
    "type": "normal"
  }
},
{
  "model": "derleng.package_image",
  "pk": "bf439a1e-8dba-4905-9a32-f68038f47ff7",
  "fields": {
    "package": "9f27bacb-3f4b-463f-b1e3-8a4d2946d944",
    "image": "images/package_images/16013937538_336f675b6d_o-scaled_MmfSArh.jpg",
    "type": "normal"
  }
},
{
  "model": "derleng.package_image",
  "pk": "ce16f30d-3b5f-40fb-8fc1-83dacda8b6e9",
  "fields": {
    "package": "74fc062f-c5b0-4534-8d61-05fe4e4ed5b0",
    "image": "images/package_images/16013937538_336f675b6d_o-scaled_YT0XWvo.jpg",
    "type": "normal"
  }
},
{
  "model": "derleng.package_image",
  "pk": "cff33abc-44bc-4135-84e1-b52b7f55ba6d",
  "fields": {
    "package": "3fa952c8-7d25-44ab-a569-b8d4e686b68f",
    "image": "images/package_images/Angkor_Wat_Temple_Yodnz8b.jpg",
    "type": "normal"
  }
},
{
  "model": "derleng.package_image",
  "pk": "d0c1ae3b-17f5-483f-87f5-e595131ca760",
  "fields": {
    "package": "6fd57721-5123-4fe0-b6c3-a0a17cb8d99e",
    "image": "images/package_images/Angkor_Wat_Temple_qV0e7EB.jpg",
    "type": "normal"
  }
},
{
  "model": "derleng.package_image",
  "pk": "d0f123fb-1ae7-4385-a2db-9884c812cd9d",
  "fields": {
    "package": "b92c86f7-3c89-43dd-873e-0c65b004bd02",
    "image": "images/package_images/Angkor_Wat_Temple_6mtTXwn.jpg",
    "type": "thumbnail"
  }
},
{
  "model": "derleng.package_image",
  "pk": "d2a0d8eb-b76c-4cd0-9244-d0d85954d117",
  "fields": {
    "package": "c327b5ff-9c6b-4524-88cb-26c87ebc4279",
    "image": "images/package_images/TB_Waterfall_b3oSRfw.jpg",
    "type": "cover"
  }
},
{
  "model": "derleng.package_image",
  "pk": "d34ebafb-781e-40bd-bdea-82e381b8e5d1",
  "fields": {
    "package": "0b566c2a-3e71-4c14-bdf5-0eed178c404c",
    "image": "images/package_images/Angkor_Wat_Temple_LI5S1Cn.jpg",
    "type": "thumbnail"
  }
},
{
  "model": "derleng.package_image",
  "pk": "d3f3765a-1428-4d4f-9252-568da82eba69",
  "fields": {
    "package": "4c7656db-a810-461a-8fc7-4c9c73c26523",
    "image": "images/package_images/a4694401-69a7-4251-b6a2-ab24c60479dc_aL3yTsL.jpg",
    "type": "normal"
  }
},
{
  "model": "derleng.package_image",
  "pk": "d5999565-0c9d-4c2d-ba22-65aebbc6d27a",
  "fields": {
    "package": "9ad5999c-0937-4c98-8fcc-504ef98d9d10",
    "image": "images/package_images/16013937538_336f675b6d_o-scaled_YF9N9IW.jpg",
    "type": "normal"
  }
},
{
  "model": "derleng.package_image",
  "pk": "d64a84a3-5c28-47ad-a1c2-bcb958220595",
  "fields": {
    "package": "3e35e1d0-5f6c-4975-a567-0b56f82ab03b",
    "image": "images/package_images/16013937538_336f675b6d_o-scaled_yIY0YNC.jpg",
    "type": "normal"
  }
},
{
  "model": "derleng.package_image",
  "pk": "dba22bd5-2972-4cff-8aad-16741bbec761",
  "fields": {
    "package": "abae2460-75ec-4439-a4a3-666a72b8ea53",
    "image": "images/package_images/Angkor_Wat_Temple_0uvmSXD.jpg",
    "type": "normal"
  }
},
{
  "model": "derleng.package_image",
  "pk": "e6ee4733-7c30-4813-a3a2-d2a48279d18a",
  "fields": {
    "package": "6683efb8-cf1e-4ca5-a781-ba44e8502689",
    "image": "images/package_images/Angkor_Wat_Temple_wepcmfO.jpg",
    "type": "normal"
  }
},
{
  "model": "derleng.package_image",
  "pk": "e6fc8865-dd82-491f-896a-b0cef7fd48c9",
  "fields": {
    "package": "28f6caf9-19e4-4480-919c-b31cb6a21ecb",
    "image": "images/package_images/TB_Waterfall_WIuE8Xn.jpg",
    "type": "cover"
  }
},
{
  "model": "derleng.package_image",
  "pk": "ec8c3754-7388-471b-98b9-737f56b6336a",
  "fields": {
    "package": "ec202cc9-21af-402d-905d-2535673c4cfb",
    "image": "images/package_images/TB_Waterfall_3G54HYc.jpg",
    "type": "cover"
  }
},
{
  "model": "derleng.package_image",
  "pk": "ee33ec60-a2fa-4132-8899-cc97ea2bcce4",
  "fields": {
    "package": "ec202cc9-21af-402d-905d-2535673c4cfb",
    "image": "images/package_images/a4694401-69a7-4251-b6a2-ab24c60479dc_YPikU8j.jpg",
    "type": "normal"
  }
},
{
  "model": "derleng.package_image",
  "pk": "f4a8ca3b-6bfa-47e4-86a2-17d14c9f1266",
  "fields": {
    "package": "abae2460-75ec-4439-a4a3-666a72b8ea53",
    "image": "images/package_images/TB_Waterfall.jpg",
    "type": "cover"
  }
},
{
  "model": "derleng.package_image",
  "pk": "f5a10c97-a185-46e8-87b0-d828907d1903",
  "fields": {
    "package": "b658776b-135d-40ba-a4e5-01f089548a92",
    "image": "images/initail_package_images/16013937538_336f675b6d_o-scaled.jpg",
    "type": "normal"
  }
},
{
  "model": "derleng.package_image",
  "pk": "f72a2638-6acb-405d-867d-cc8052bca21b",
  "fields": {
    "package": "9ad5999c-0937-4c98-8fcc-504ef98d9d10",
    "image": "images/package_images/Angkor_Wat_Temple_2hfgqQO.jpg",
    "type": "normal"
  }
},
{
  "model": "derleng.package_image",
  "pk": "fa0d8f14-9e94-484c-84bb-50f40c04096f",
  "fields": {
    "package": "abae2460-75ec-4439-a4a3-666a72b8ea53",
    "image": "images/package_images/a4694401-69a7-4251-b6a2-ab24c60479dc.jpg",
    "type": "normal"
  }
},
{
  "model": "derleng.package_image",
  "pk": "fa75b0a4-cded-4796-afa5-1db866660172",
  "fields": {
    "package": "6fd827b8-976f-4748-89a5-e3a29083c98e",
    "image": "images/initail_package_images/16013937538_336f675b6d_o-scaled_FZkBuYS.jpg",
    "type": "normal"
  }
},
{
  "model": "derleng.package_image",
  "pk": "fb76b0a5-3d39-4a9d-802c-f092453e12e6",
  "fields": {
    "package": "abae2460-75ec-4439-a4a3-666a72b8ea53",
    "image": "images/package_images/16013937538_336f675b6d_o-scaled.jpg",
    "type": "normal"
  }
},
{
  "model": "derleng.package_image",
  "pk": "fbb62bc7-55aa-42ca-9255-1e45939476a4",
  "fields": {
    "package": "9ad5999c-0937-4c98-8fcc-504ef98d9d10",
    "image": "images/package_images/Angkor_Wat_Temple_qF8LJvt.jpg",
    "type": "thumbnail"
  }
},
{
  "model": "derleng.package_schedule",
  "pk": "01b673aa-4534-410a-8c6e-d48a6fc2b91f",
  "fields": {
    "package": "0ed81905-718d-4584-85df-460dc875fbe0",
    "destination": "Veng Sreng",
    "start_time": "06:30:00",
    "end_time": "06:30:00"
  }
},
{
  "model": "derleng.package_schedule",
  "pk": "049d737a-8c49-499c-9f16-d72b90d17a1c",
  "fields": {
    "package": "0ed81905-718d-4584-85df-460dc875fbe0",
    "destination": "Veng Sreng",
    "start_time": "06:30:00",
    "end_time": "06:30:00"
  }
},
{
  "model": "derleng.package_schedule",
  "pk": "06b5062f-21f8-42c0-9e5d-e3205f1d4a88",
  "fields": {
    "package": "0ed81905-718d-4584-85df-460dc875fbe0",
    "destination": "Preah Vihea Temple",
    "start_time": "06:30:00",
    "end_time": "06:30:00"
  }
},
{
  "model": "derleng.package_schedule",
  "pk": "07236d6f-0f05-4da3-bd48-a94f41fdd02f",
  "fields": {
    "package": "6fd827b8-976f-4748-89a5-e3a29083c98e",
    "destination": "Dong teh beach",
    "start_time": "06:30:00",
    "end_time": "06:30:00"
  }
},
{
  "model": "derleng.package_schedule",
  "pk": "0b6432f4-05f1-461f-add5-9a403075d440",
  "fields": {
    "package": "ec202cc9-21af-402d-905d-2535673c4cfb",
    "destination": "Cassino",
    "start_time": "06:30:00",
    "end_time": "06:30:00"
  }
},
{
  "model": "derleng.package_schedule",
  "pk": "12aec5c3-5153-435b-a3d7-a83c79e13659",
  "fields": {
    "package": "0ed81905-718d-4584-85df-460dc875fbe0",
    "destination": "ankor thum",
    "start_time": "06:30:00",
    "end_time": "06:30:00"
  }
},
{
  "model": "derleng.package_schedule",
  "pk": "1609882c-c7d1-4347-a6cb-2408a0e0df0e",
  "fields": {
    "package": "0ed81905-718d-4584-85df-460dc875fbe0",
    "destination": "ankor thum",
    "start_time": "06:30:00",
    "end_time": "06:30:00"
  }
},
{
  "model": "derleng.package_schedule",
  "pk": "1712ebe9-082d-4123-af12-82a74e848f7b",
  "fields": {
    "package": "5ca50455-8276-4410-8561-23146eb724f2",
    "destination": "Cassino",
    "start_time": "06:30:00",
    "end_time": "06:30:00"
  }
},
{
  "model": "derleng.package_schedule",
  "pk": "1a9efe87-dae9-4832-b36e-ab0129ca38f5",
  "fields": {
    "package": "2ac3c355-a76d-419b-b721-66bd8b06f23a",
    "destination": "Merl sva",
    "start_time": "06:30:00",
    "end_time": "06:30:00"
  }
},
{
  "model": "derleng.package_schedule",
  "pk": "1c81a479-3526-4fab-8338-1a641659250b",
  "fields": {
    "package": "74fc062f-c5b0-4534-8d61-05fe4e4ed5b0",
    "destination": "Merl sva",
    "start_time": "06:30:00",
    "end_time": "06:30:00"
  }
},
{
  "model": "derleng.package_schedule",
  "pk": "1d6e7d9b-791d-4b23-93be-878fe566cc49",
  "fields": {
    "package": "0b566c2a-3e71-4c14-bdf5-0eed178c404c",
    "destination": "Merl sva",
    "start_time": "06:30:00",
    "end_time": "06:30:00"
  }
},
{
  "model": "derleng.package_schedule",
  "pk": "272f6e8a-fe4a-4a37-926d-ca1669eafe71",
  "fields": {
    "package": "0ed81905-718d-4584-85df-460dc875fbe0",
    "destination": "Veng Sreng",
    "start_time": "06:30:00",
    "end_time": "06:30:00"
  }
},
{
  "model": "derleng.package_schedule",
  "pk": "36b51a01-89ac-4cea-a16c-876dd1460cdf",
  "fields": {
    "package": "6683efb8-cf1e-4ca5-a781-ba44e8502689",
    "destination": "Merl sva",
    "start_time": "06:30:00",
    "end_time": "06:30:00"
  }
},
{
  "model": "derleng.package_schedule",
  "pk": "3912a2d7-a3ad-4c0b-825e-5380c69268c0",
  "fields": {
    "package": "0ed81905-718d-4584-85df-460dc875fbe0",
    "destination": "Veng Sreng",
    "start_time": "06:30:00",
    "end_time": "06:30:00"
  }
},
{
  "model": "derleng.package_schedule",
  "pk": "3e930fd9-13f4-475f-8391-6d6a15fce341",
  "fields": {
    "package": "3e35e1d0-5f6c-4975-a567-0b56f82ab03b",
    "destination": "Merl sva",
    "start_time": "06:30:00",
    "end_time": "06:30:00"
  }
},
{
  "model": "derleng.package_schedule",
  "pk": "4eded0a6-ce28-4039-8fb2-a044f63730b8",
  "fields": {
    "package": "b658776b-135d-40ba-a4e5-01f089548a92",
    "destination": "Preah Vihea Mt",
    "start_time": "06:30:00",
    "end_time": "06:30:00"
  }
},
{
  "model": "derleng.package_schedule",
  "pk": "5a6cbc5e-751f-4163-a81f-d8fafbcaa5f5",
  "fields": {
    "package": "c327b5ff-9c6b-4524-88cb-26c87ebc4279",
    "destination": "Cassino",
    "start_time": "06:30:00",
    "end_time": "06:30:00"
  }
},
{
  "model": "derleng.package_schedule",
  "pk": "5c61af58-2262-4a48-b918-13c71ba329c6",
  "fields": {
    "package": "9ad5999c-0937-4c98-8fcc-504ef98d9d10",
    "destination": "Merl sva",
    "start_time": "06:30:00",
    "end_time": "06:30:00"
  }
},
{
  "model": "derleng.package_schedule",
  "pk": "6593464b-855e-4d5f-8e88-017e6343887a",
  "fields": {
    "package": "2ac3c355-a76d-419b-b721-66bd8b06f23a",
    "destination": "Cassino",
    "start_time": "06:30:00",
    "end_time": "06:30:00"
  }
},
{
  "model": "derleng.package_schedule",
  "pk": "679aac97-6f04-4dd3-a995-62821576e29d",
  "fields": {
    "package": "6fd57721-5123-4fe0-b6c3-a0a17cb8d99e",
    "destination": "Cassino",
    "start_time": "06:30:00",
    "end_time": "06:30:00"
  }
},
{
  "model": "derleng.package_schedule",
  "pk": "70367919-21ff-4ab0-885f-471d57e62834",
  "fields": {
    "package": "3fa952c8-7d25-44ab-a569-b8d4e686b68f",
    "destination": "Merl sva",
    "start_time": "06:30:00",
    "end_time": "06:30:00"
  }
},
{
  "model": "derleng.package_schedule",
  "pk": "7b2193af-acc6-4e4e-92b2-f8e49216e47e",
  "fields": {
    "package": "3fa952c8-7d25-44ab-a569-b8d4e686b68f",
    "destination": "Cassino",
    "start_time": "06:30:00",
    "end_time": "06:30:00"
  }
},
{
  "model": "derleng.package_schedule",
  "pk": "7d5b8205-711e-4119-b6e6-cf9c5e5c241c",
  "fields": {
    "package": "74fc062f-c5b0-4534-8d61-05fe4e4ed5b0",
    "destination": "Cassino",
    "start_time": "06:30:00",
    "end_time": "06:30:00"
  }
},
{
  "model": "derleng.package_schedule",
  "pk": "8fd88f00-830f-4896-b2a3-6e1ea0573b66",
  "fields": {
    "package": "28f6caf9-19e4-4480-919c-b31cb6a21ecb",
    "destination": "Cassino",
    "start_time": "06:30:00",
    "end_time": "06:30:00"
  }
},
{
  "model": "derleng.package_schedule",
  "pk": "9322dcbc-80e9-4a83-abcf-17761341eeb9",
  "fields": {
    "package": "9f27bacb-3f4b-463f-b1e3-8a4d2946d944",
    "destination": "Cassino",
    "start_time": "06:30:00",
    "end_time": "06:30:00"
  }
},
{
  "model": "derleng.package_schedule",
  "pk": "958ebf34-bd19-487e-8f84-3bd0d16eae38",
  "fields": {
    "package": "4c7656db-a810-461a-8fc7-4c9c73c26523",
    "destination": "Cassino",
    "start_time": "06:30:00",
    "end_time": "06:30:00"
  }
},
{
  "model": "derleng.package_schedule",
  "pk": "982c9d52-9f00-4bbc-aa8d-c608e52f7c03",
  "fields": {
    "package": "0ed81905-718d-4584-85df-460dc875fbe0",
    "destination": "ankor thum",
    "start_time": "06:30:00",
    "end_time": "06:30:00"
  }
},
{
  "model": "derleng.package_schedule",
  "pk": "9985375d-e1b4-4eae-bbf5-7a73e7e290bb",
  "fields": {
    "package": "6683efb8-cf1e-4ca5-a781-ba44e8502689",
    "destination": "Cassino",
    "start_time": "06:30:00",
    "end_time": "06:30:00"
  }
},
{
  "model": "derleng.package_schedule",
  "pk": "b16f0717-a1ae-4946-9c6c-3a1f85775393",
  "fields": {
    "package": "9ad5999c-0937-4c98-8fcc-504ef98d9d10",
    "destination": "Cassino",
    "start_time": "06:30:00",
    "end_time": "06:30:00"
  }
},
{
  "model": "derleng.package_schedule",
  "pk": "b21f2b73-da78-41cd-9cd3-3bc62fc194b4",
  "fields": {
    "package": "c327b5ff-9c6b-4524-88cb-26c87ebc4279",
    "destination": "Merl sva",
    "start_time": "06:30:00",
    "end_time": "06:30:00"
  }
},
{
  "model": "derleng.package_schedule",
  "pk": "b42f6d4a-394b-422e-adb3-436b2966bac5",
  "fields": {
    "package": "4c7656db-a810-461a-8fc7-4c9c73c26523",
    "destination": "Merl sva",
    "start_time": "06:30:00",
    "end_time": "06:30:00"
  }
},
{
  "model": "derleng.package_schedule",
  "pk": "b553107a-fdee-42d8-a757-6f34eebfb287",
  "fields": {
    "package": "6fd57721-5123-4fe0-b6c3-a0a17cb8d99e",
    "destination": "Merl sva",
    "start_time": "06:30:00",
    "end_time": "06:30:00"
  }
},
{
  "model": "derleng.package_schedule",
  "pk": "b6b1cc34-c485-4b61-8649-9a2360722ec5",
  "fields": {
    "package": "b92c86f7-3c89-43dd-873e-0c65b004bd02",
    "destination": "Cassino",
    "start_time": "06:30:00",
    "end_time": "06:30:00"
  }
},
{
  "model": "derleng.package_schedule",
  "pk": "b99025e4-08e8-43c0-bfb4-efb3999bfd5a",
  "fields": {
    "package": "b658776b-135d-40ba-a4e5-01f089548a92",
    "destination": "Preah Vihea Temple",
    "start_time": "06:30:00",
    "end_time": "06:30:00"
  }
},
{
  "model": "derleng.package_schedule",
  "pk": "c24e9691-561e-423b-abe6-9b2c7c88313d",
  "fields": {
    "package": "abae2460-75ec-4439-a4a3-666a72b8ea53",
    "destination": "Cassino",
    "start_time": "06:30:00",
    "end_time": "06:30:00"
  }
},
{
  "model": "derleng.package_schedule",
  "pk": "c2e6bcb7-5fbb-4452-a9e9-ac22c14e1b30",
  "fields": {
    "package": "abae2460-75ec-4439-a4a3-666a72b8ea53",
    "destination": "Merl sva",
    "start_time": "06:30:00",
    "end_time": "06:30:00"
  }
},
{
  "model": "derleng.package_schedule",
  "pk": "cc6e4765-bce3-47f3-bcb7-f9bf3a238f38",
  "fields": {
    "package": "0ed81905-718d-4584-85df-460dc875fbe0",
    "destination": "ankor thum",
    "start_time": "06:30:00",
    "end_time": "06:30:00"
  }
},
{
  "model": "derleng.package_schedule",
  "pk": "d069f34f-9566-4948-9406-14931f4a93fb",
  "fields": {
    "package": "ba122079-e791-42a1-8f5f-cc73aadf6532",
    "destination": "Cassino",
    "start_time": "06:30:00",
    "end_time": "06:30:00"
  }
},
{
  "model": "derleng.package_schedule",
  "pk": "d2ce07ec-2401-4b53-b1d5-2319eb833294",
  "fields": {
    "package": "ba122079-e791-42a1-8f5f-cc73aadf6532",
    "destination": "Merl sva",
    "start_time": "06:30:00",
    "end_time": "06:30:00"
  }
},
{
  "model": "derleng.package_schedule",
  "pk": "e2296ca0-a9b3-4de1-9576-265bb31d24ff",
  "fields": {
    "package": "3e35e1d0-5f6c-4975-a567-0b56f82ab03b",
    "destination": "Cassino",
    "start_time": "06:30:00",
    "end_time": "06:30:00"
  }
},
{
  "model": "derleng.package_schedule",
  "pk": "e6d1c73d-b6f2-45f0-907e-c918ade29585",
  "fields": {
    "package": "5ca50455-8276-4410-8561-23146eb724f2",
    "destination": "Merl sva",
    "start_time": "06:30:00",
    "end_time": "06:30:00"
  }
},
{
  "model": "derleng.package_schedule",
  "pk": "f535fe41-9c2a-42dc-96f4-da5f1ce89df0",
  "fields": {
    "package": "6fd827b8-976f-4748-89a5-e3a29083c98e",
    "destination": "Cassino",
    "start_time": "06:30:00",
    "end_time": "06:30:00"
  }
},
{
  "model": "derleng.package_schedule",
  "pk": "f59f5e7e-82d7-4aa9-950a-65d6eb4634a7",
  "fields": {
    "package": "28f6caf9-19e4-4480-919c-b31cb6a21ecb",
    "destination": "Merl sva",
    "start_time": "06:30:00",
    "end_time": "06:30:00"
  }
},
{
  "model": "derleng.package_schedule",
  "pk": "f6266bb2-b8cf-4c08-8f57-09b8c3cad434",
  "fields": {
    "package": "9f27bacb-3f4b-463f-b1e3-8a4d2946d944",
    "destination": "Merl sva",
    "start_time": "06:30:00",
    "end_time": "06:30:00"
  }
},
{
  "model": "derleng.package_schedule",
  "pk": "f7d065a4-e490-4e4d-a760-40c325866e98",
  "fields": {
    "package": "0b566c2a-3e71-4c14-bdf5-0eed178c404c",
    "destination": "Cassino",
    "start_time": "06:30:00",
    "end_time": "06:30:00"
  }
},
{
  "model": "derleng.package_schedule",
  "pk": "fa62b6c8-499c-4a57-ab5b-544b71d55467",
  "fields": {
    "package": "ec202cc9-21af-402d-905d-2535673c4cfb",
    "destination": "Merl sva",
    "start_time": "06:30:00",
    "end_time": "06:30:00"
  }
},
{
  "model": "derleng.package_schedule",
  "pk": "fcb82cfd-6ead-4661-beaa-994f48726d6c",
  "fields": {
    "package": "b92c86f7-3c89-43dd-873e-0c65b004bd02",
    "destination": "Merl sva",
    "start_time": "06:30:00",
    "end_time": "06:30:00"
  }
},
{
  "model": "derleng.package_schedule",
  "pk": "fecb98e0-66ed-40ee-bab1-4b140295a36d",
  "fields": {
    "package": "0ed81905-718d-4584-85df-460dc875fbe0",
    "destination": "Preah Vihea Mt",
    "start_time": "06:30:00",
    "end_time": "06:30:00"
  }
},
{
  "model": "derleng.package_service",
  "pk": "00cf3ef5-2889-407e-897a-7bb7f76f9310",
  "fields": {
    "detail": "free food",
    "package": "0ed81905-718d-4584-85df-460dc875fbe0",
    "price": 5055,
    "currency": "usd",
    "is_close": true
  }
},
{
  "model": "derleng.package_service",
  "pk": "09beb3c2-44ec-4a30-9bc1-0792847a38b1",
  "fields": {
    "detail": "free car",
    "package": "9f27bacb-3f4b-463f-b1e3-8a4d2946d944",
    "price": 1000,
    "currency": "usd",
    "is_close": false
  }
},
{
  "model": "derleng.package_service",
  "pk": "1d80cce7-92ec-422d-95e6-3129533dfe07",
  "fields": {
    "detail": "free car",
    "package": "6fd827b8-976f-4748-89a5-e3a29083c98e",
    "price": 10,
    "currency": "usd",
    "is_close": false
  }
},
{
  "model": "derleng.package_service",
  "pk": "1ff97401-ce5a-4b54-8ceb-413829f2cdee",
  "fields": {
    "detail": "free food",
    "package": "3e35e1d0-5f6c-4975-a567-0b56f82ab03b",
    "price": 1000,
    "currency": "usd",
    "is_close": false
  }
},
{
  "model": "derleng.package_service",
  "pk": "239783e4-a06b-4475-a100-5e51ec9871b1",
  "fields": {
    "detail": "free car",
    "package": "4c7656db-a810-461a-8fc7-4c9c73c26523",
    "price": 1000,
    "currency": "usd",
    "is_close": false
  }
},
{
  "model": "derleng.package_service",
  "pk": "24ad2e63-e42e-451a-b2da-9c42da2e3b11",
  "fields": {
    "detail": "free food",
    "package": "9f27bacb-3f4b-463f-b1e3-8a4d2946d944",
    "price": 1000,
    "currency": "usd",
    "is_close": false
  }
},
{
  "model": "derleng.package_service",
  "pk": "2b6b8ae6-507d-490f-b5af-df9bb1a41ad4",
  "fields": {
    "detail": "free car",
    "package": "9ad5999c-0937-4c98-8fcc-504ef98d9d10",
    "price": 1000,
    "currency": "usd",
    "is_close": false
  }
},
{
  "model": "derleng.package_service",
  "pk": "2c2f7085-4a00-44f9-ab34-c7387702206f",
  "fields": {
    "detail": "free food",
    "package": "0b566c2a-3e71-4c14-bdf5-0eed178c404c",
    "price": 1000,
    "currency": "usd",
    "is_close": false
  }
},
{
  "model": "derleng.package_service",
  "pk": "300fcbee-8cdd-43d2-bbdb-39323faab865",
  "fields": {
    "detail": "free car",
    "package": "3fa952c8-7d25-44ab-a569-b8d4e686b68f",
    "price": 1000,
    "currency": "usd",
    "is_close": false
  }
},
{
  "model": "derleng.package_service",
  "pk": "3bca2509-613e-446e-b01f-cc4ee46c4d89",
  "fields": {
    "detail": "free food",
    "package": "0ed81905-718d-4584-85df-460dc875fbe0",
    "price": 5055,
    "currency": "usd",
    "is_close": true
  }
},
{
  "model": "derleng.package_service",
  "pk": "42c8853a-d265-44fb-802e-9677e037434e",
  "fields": {
    "detail": "free food",
    "package": "6fd827b8-976f-4748-89a5-e3a29083c98e",
    "price": 10,
    "currency": "usd",
    "is_close": false
  }
},
{
  "model": "derleng.package_service",
  "pk": "5404bbec-ddb6-4a3c-adc7-eafd28e39e8e",
  "fields": {
    "detail": "free food",
    "package": "0ed81905-718d-4584-85df-460dc875fbe0",
    "price": 5055,
    "currency": "usd",
    "is_close": true
  }
},
{
  "model": "derleng.package_service",
  "pk": "575c0917-e69a-4ed5-989d-418316aa6d78",
  "fields": {
    "detail": "free car",
    "package": "6683efb8-cf1e-4ca5-a781-ba44e8502689",
    "price": 1000,
    "currency": "usd",
    "is_close": false
  }
},
{
  "model": "derleng.package_service",
  "pk": "5791f2f7-d0ff-4e86-95d2-3676aa2dc25b",
  "fields": {
    "detail": "free food",
    "package": "0ed81905-718d-4584-85df-460dc875fbe0",
    "price": 5055,
    "currency": "usd",
    "is_close": false
  }
},
{
  "model": "derleng.package_service",
  "pk": "5b3b220f-7c57-4898-96f5-5abeba46b79e",
  "fields": {
    "detail": "free food",
    "package": "2ac3c355-a76d-419b-b721-66bd8b06f23a",
    "price": 1000,
    "currency": "usd",
    "is_close": false
  }
},
{
  "model": "derleng.package_service",
  "pk": "5b57d632-98a5-4906-955d-8c8d26156fe7",
  "fields": {
    "detail": "free car",
    "package": "ba122079-e791-42a1-8f5f-cc73aadf6532",
    "price": 1000,
    "currency": "usd",
    "is_close": false
  }
},
{
  "model": "derleng.package_service",
  "pk": "5bfd5238-2bb2-48c5-913d-c77dc5be78e8",
  "fields": {
    "detail": "free food",
    "package": "c327b5ff-9c6b-4524-88cb-26c87ebc4279",
    "price": 1000,
    "currency": "usd",
    "is_close": false
  }
},
{
  "model": "derleng.package_service",
  "pk": "5fed88fa-7ca5-4366-ac6d-be66ae98d40f",
  "fields": {
    "detail": "free food",
    "package": "4c7656db-a810-461a-8fc7-4c9c73c26523",
    "price": 1000,
    "currency": "usd",
    "is_close": false
  }
},
{
  "model": "derleng.package_service",
  "pk": "628f4d2d-1206-4302-b4fd-f375810b4d0f",
  "fields": {
    "detail": "free car",
    "package": "74fc062f-c5b0-4534-8d61-05fe4e4ed5b0",
    "price": 1000,
    "currency": "usd",
    "is_close": false
  }
},
{
  "model": "derleng.package_service",
  "pk": "633598bc-a8a8-42a4-b798-7d28ed3b843a",
  "fields": {
    "detail": "free food",
    "package": "6fd57721-5123-4fe0-b6c3-a0a17cb8d99e",
    "price": 1000,
    "currency": "usd",
    "is_close": false
  }
},
{
  "model": "derleng.package_service",
  "pk": "648a9eae-5690-4578-a782-f2d9184f5153",
  "fields": {
    "detail": "free food",
    "package": "b658776b-135d-40ba-a4e5-01f089548a92",
    "price": 1000,
    "currency": "usd",
    "is_close": false
  }
},
{
  "model": "derleng.package_service",
  "pk": "6b65316e-3e10-45bf-86bd-658e9d267037",
  "fields": {
    "detail": "free food",
    "package": "74fc062f-c5b0-4534-8d61-05fe4e4ed5b0",
    "price": 1000,
    "currency": "usd",
    "is_close": false
  }
},
{
  "model": "derleng.package_service",
  "pk": "6da92172-5e82-4151-b138-4648f7fbde32",
  "fields": {
    "detail": "free food",
    "package": "3fa952c8-7d25-44ab-a569-b8d4e686b68f",
    "price": 1000,
    "currency": "usd",
    "is_close": false
  }
},
{
  "model": "derleng.package_service",
  "pk": "6f4ac701-6e30-4dda-96bf-1e63ba901060",
  "fields": {
    "detail": "free food + stayed",
    "package": "0ed81905-718d-4584-85df-460dc875fbe0",
    "price": 9000,
    "currency": "usd",
    "is_close": true
  }
},
{
  "model": "derleng.package_service",
  "pk": "754f9cb4-569d-4730-8a6c-1a9eaf71da1b",
  "fields": {
    "detail": "free car",
    "package": "5ca50455-8276-4410-8561-23146eb724f2",
    "price": 1000,
    "currency": "usd",
    "is_close": false
  }
},
{
  "model": "derleng.package_service",
  "pk": "76f94119-3f6e-4778-94cf-4e8491a4c0ba",
  "fields": {
    "detail": "free car",
    "package": "b658776b-135d-40ba-a4e5-01f089548a92",
    "price": 10,
    "currency": "usd",
    "is_close": false
  }
},
{
  "model": "derleng.package_service",
  "pk": "7edfd1c7-3c3c-412a-b7c0-b0e0af0d5693",
  "fields": {
    "detail": "free food",
    "package": "b92c86f7-3c89-43dd-873e-0c65b004bd02",
    "price": 1000,
    "currency": "usd",
    "is_close": false
  }
},
{
  "model": "derleng.package_service",
  "pk": "8058ee9e-3cb2-4d77-aefe-27ff9aecab87",
  "fields": {
    "detail": "free food + stayed",
    "package": "0ed81905-718d-4584-85df-460dc875fbe0",
    "price": 9000,
    "currency": "usd",
    "is_close": true
  }
},
{
  "model": "derleng.package_service",
  "pk": "828eb78e-01c4-4ed1-bb84-377bfdf8382d",
  "fields": {
    "detail": "free food",
    "package": "28f6caf9-19e4-4480-919c-b31cb6a21ecb",
    "price": 1000,
    "currency": "usd",
    "is_close": false
  }
},
{
  "model": "derleng.package_service",
  "pk": "8486b79a-a858-4b07-a8ff-1f0dabb26379",
  "fields": {
    "detail": "free food",
    "package": "9ad5999c-0937-4c98-8fcc-504ef98d9d10",
    "price": 1000,
    "currency": "usd",
    "is_close": false
  }
},
{
  "model": "derleng.package_service",
  "pk": "88fcb852-23ed-4f9b-ad8e-0b7aa36717bd",
  "fields": {
    "detail": "free car",
    "package": "ec202cc9-21af-402d-905d-2535673c4cfb",
    "price": 1000,
    "currency": "usd",
    "is_close": false
  }
},
{
  "model": "derleng.package_service",
  "pk": "926ffee6-1fd7-4a6e-a46b-11705dbd6b0c",
  "fields": {
    "detail": "free food",
    "package": "5ca50455-8276-4410-8561-23146eb724f2",
    "price": 1000,
    "currency": "usd",
    "is_close": false
  }
},
{
  "model": "derleng.package_service",
  "pk": "9e072ce9-b9b9-4929-96cb-f8aeb4498d4d",
  "fields": {
    "detail": "free car",
    "package": "2ac3c355-a76d-419b-b721-66bd8b06f23a",
    "price": 1000,
    "currency": "usd",
    "is_close": false
  }
},
{
  "model": "derleng.package_service",
  "pk": "bcc40e90-1f6e-4765-8fb5-1a0dbc29610b",
  "fields": {
    "detail": "free car",
    "package": "28f6caf9-19e4-4480-919c-b31cb6a21ecb",
    "price": 1000,
    "currency": "usd",
    "is_close": false
  }
},
{
  "model": "derleng.package_service",
  "pk": "bfe670e0-36b4-4b3a-aaa2-f363873b3d00",
  "fields": {
    "detail": "free food",
    "package": "0ed81905-718d-4584-85df-460dc875fbe0",
    "price": 10,
    "currency": "usd",
    "is_close": true
  }
},
{
  "model": "derleng.package_service",
  "pk": "ce35d1f5-ecd7-4ed9-8b7b-365dd0066038",
  "fields": {
    "detail": "free food",
    "package": "abae2460-75ec-4439-a4a3-666a72b8ea53",
    "price": 1000,
    "currency": "usd",
    "is_close": false
  }
},
{
  "model": "derleng.package_service",
  "pk": "d59b102d-a591-4a26-a951-b2c70d5bffb5",
  "fields": {
    "detail": "free car",
    "package": "6fd57721-5123-4fe0-b6c3-a0a17cb8d99e",
    "price": 1000,
    "currency": "usd",
    "is_close": false
  }
},
{
  "model": "derleng.package_service",
  "pk": "d7ec5e17-63e5-4783-b846-682deebce6a5",
  "fields": {
    "detail": "free car",
    "package": "abae2460-75ec-4439-a4a3-666a72b8ea53",
    "price": 1000,
    "currency": "usd",
    "is_close": false
  }
},
{
  "model": "derleng.package_service",
  "pk": "dd09b1e5-864a-4610-b480-ce27713d4d65",
  "fields": {
    "detail": "free car",
    "package": "b92c86f7-3c89-43dd-873e-0c65b004bd02",
    "price": 1000,
    "currency": "usd",
    "is_close": false
  }
},
{
  "model": "derleng.package_service",
  "pk": "e410ea40-3400-4d57-93b2-1c820d633eb4",
  "fields": {
    "detail": "free food",
    "package": "ba122079-e791-42a1-8f5f-cc73aadf6532",
    "price": 1000,
    "currency": "usd",
    "is_close": false
  }
},
{
  "model": "derleng.package_service",
  "pk": "e61a47ce-35e5-4d76-9238-24be11b8f39c",
  "fields": {
    "detail": "free car",
    "package": "0b566c2a-3e71-4c14-bdf5-0eed178c404c",
    "price": 1000,
    "currency": "usd",
    "is_close": false
  }
},
{
  "model": "derleng.package_service",
  "pk": "ecf412d3-e650-4f53-81b9-fa4dd42edb03",
  "fields": {
    "detail": "free food + stayed",
    "package": "0ed81905-718d-4584-85df-460dc875fbe0",
    "price": 9000,
    "currency": "usd",
    "is_close": true
  }
},
{
  "model": "derleng.package_service",
  "pk": "f0b83576-d19f-4d57-81c1-f30d201d7200",
  "fields": {
    "detail": "free food",
    "package": "6683efb8-cf1e-4ca5-a781-ba44e8502689",
    "price": 1000,
    "currency": "usd",
    "is_close": false
  }
},
{
  "model": "derleng.package_service",
  "pk": "f5a0ad12-f537-4502-8f57-12fe098709e2",
  "fields": {
    "detail": "free food",
    "package": "ec202cc9-21af-402d-905d-2535673c4cfb",
    "price": 1000,
    "currency": "usd",
    "is_close": false
  }
},
{
  "model": "derleng.package_service",
  "pk": "fc88e4cb-e724-49fc-ac1b-66d14c53af1e",
  "fields": {
    "detail": "free car",
    "package": "c327b5ff-9c6b-4524-88cb-26c87ebc4279",
    "price": 1000,
    "currency": "usd",
    "is_close": false
  }
},
{
  "model": "derleng.package_service",
  "pk": "fcb78e64-1112-488d-8754-cde7de1237ff",
  "fields": {
    "detail": "free car",
    "package": "0ed81905-718d-4584-85df-460dc875fbe0",
    "price": 1000,
    "currency": "usd",
    "is_close": true
  }
},
{
  "model": "derleng.package_service",
  "pk": "fd9e3159-ddb3-4d6b-ade6-5ada5bf9b5f2",
  "fields": {
    "detail": "free food + stayed",
    "package": "0ed81905-718d-4584-85df-460dc875fbe0",
    "price": 9000,
    "currency": "usd",
    "is_close": true
  }
},
{
  "model": "derleng.package_service",
  "pk": "fee26d16-d076-48c3-8391-7e6b03b68187",
  "fields": {
    "detail": "free car",
    "package": "3e35e1d0-5f6c-4975-a567-0b56f82ab03b",
    "price": 1000,
    "currency": "usd",
    "is_close": false
  }
},
{
  "model": "derleng.package_unavailable_date",
  "pk": "0177814d-17d8-4d73-8ce1-a95b17a58698",
  "fields": {
    "package": "0b566c2a-3e71-4c14-bdf5-0eed178c404c",
    "unavailable_at": "2024-01-14"
  }
},
{
  "model": "derleng.package_unavailable_date",
  "pk": "09525cf7-8612-403b-a7c2-74f38e2eba7f",
  "fields": {
    "package": "74fc062f-c5b0-4534-8d61-05fe4e4ed5b0",
    "unavailable_at": "2024-01-15"
  }
},
{
  "model": "derleng.package_unavailable_date",
  "pk": "09daca6b-719a-41aa-bdb4-2ac01ce2914d",
  "fields": {
    "package": "4c7656db-a810-461a-8fc7-4c9c73c26523",
    "unavailable_at": "2024-01-15"
  }
},
{
  "model": "derleng.package_unavailable_date",
  "pk": "0a3001ec-9eeb-4190-b977-aa2318487dbb",
  "fields": {
    "package": "28f6caf9-19e4-4480-919c-b31cb6a21ecb",
    "unavailable_at": "2024-01-15"
  }
},
{
  "model": "derleng.package_unavailable_date",
  "pk": "0eb13c44-3e8e-4c38-9ee9-f36486aae085",
  "fields": {
    "package": "9f27bacb-3f4b-463f-b1e3-8a4d2946d944",
    "unavailable_at": "2024-01-14"
  }
},
{
  "model": "derleng.package_unavailable_date",
  "pk": "11152449-8f7f-45f2-99f7-1d942a2ccd31",
  "fields": {
    "package": "ec202cc9-21af-402d-905d-2535673c4cfb",
    "unavailable_at": "2024-01-14"
  }
},
{
  "model": "derleng.package_unavailable_date",
  "pk": "11ca8dcb-8d8e-4cea-a9c9-f0b9ad59754d",
  "fields": {
    "package": "4c7656db-a810-461a-8fc7-4c9c73c26523",
    "unavailable_at": "2024-01-14"
  }
},
{
  "model": "derleng.package_unavailable_date",
  "pk": "144d40dc-08e6-4ab3-85be-d36cf54fd3dc",
  "fields": {
    "package": "0ed81905-718d-4584-85df-460dc875fbe0",
    "unavailable_at": "2024-01-14"
  }
},
{
  "model": "derleng.package_unavailable_date",
  "pk": "1fbd05d8-bf40-4d2e-9033-d984248b1f82",
  "fields": {
    "package": "abae2460-75ec-4439-a4a3-666a72b8ea53",
    "unavailable_at": "2024-01-14"
  }
},
{
  "model": "derleng.package_unavailable_date",
  "pk": "2db97835-1d6f-4112-9dae-9d9bb05d9aad",
  "fields": {
    "package": "0ed81905-718d-4584-85df-460dc875fbe0",
    "unavailable_at": "2024-01-14"
  }
},
{
  "model": "derleng.package_unavailable_date",
  "pk": "3743b3a7-ae26-4603-801d-7bf0668370a3",
  "fields": {
    "package": "3fa952c8-7d25-44ab-a569-b8d4e686b68f",
    "unavailable_at": "2024-01-14"
  }
},
{
  "model": "derleng.package_unavailable_date",
  "pk": "38319e5d-a498-44a5-8da6-1622179ef164",
  "fields": {
    "package": "9ad5999c-0937-4c98-8fcc-504ef98d9d10",
    "unavailable_at": "2024-01-15"
  }
},
{
  "model": "derleng.package_unavailable_date",
  "pk": "46110445-0484-4196-8e93-b39071851966",
  "fields": {
    "package": "6fd57721-5123-4fe0-b6c3-a0a17cb8d99e",
    "unavailable_at": "2024-01-14"
  }
},
{
  "model": "derleng.package_unavailable_date",
  "pk": "5042ac51-8af4-4b81-a8a1-2da163291b49",
  "fields": {
    "package": "6683efb8-cf1e-4ca5-a781-ba44e8502689",
    "unavailable_at": "2024-01-15"
  }
},
{
  "model": "derleng.package_unavailable_date",
  "pk": "51db9513-bb8e-4cc9-a732-f2d749fdbb89",
  "fields": {
    "package": "2ac3c355-a76d-419b-b721-66bd8b06f23a",
    "unavailable_at": "2024-01-15"
  }
},
{
  "model": "derleng.package_unavailable_date",
  "pk": "58e0576d-44de-4b0c-ad70-0dfeb229e303",
  "fields": {
    "package": "9f27bacb-3f4b-463f-b1e3-8a4d2946d944",
    "unavailable_at": "2024-01-15"
  }
},
{
  "model": "derleng.package_unavailable_date",
  "pk": "5d22babc-395d-4854-8842-70b18adc64b0",
  "fields": {
    "package": "3fa952c8-7d25-44ab-a569-b8d4e686b68f",
    "unavailable_at": "2024-01-15"
  }
},
{
  "model": "derleng.package_unavailable_date",
  "pk": "68093bf0-32bf-4263-a74f-6dad90eb7504",
  "fields": {
    "package": "3e35e1d0-5f6c-4975-a567-0b56f82ab03b",
    "unavailable_at": "2024-01-15"
  }
},
{
  "model": "derleng.package_unavailable_date",
  "pk": "6b6a18a2-8fa6-4471-bde2-14f7f276a20e",
  "fields": {
    "package": "0ed81905-718d-4584-85df-460dc875fbe0",
    "unavailable_at": "2024-01-15"
  }
},
{
  "model": "derleng.package_unavailable_date",
  "pk": "735588e3-3e45-4b34-86f5-0dd6b934feee",
  "fields": {
    "package": "0ed81905-718d-4584-85df-460dc875fbe0",
    "unavailable_at": "2024-01-15"
  }
},
{
  "model": "derleng.package_unavailable_date",
  "pk": "7ab5c0d8-ae04-4b72-b9e8-1ed646e924c9",
  "fields": {
    "package": "b658776b-135d-40ba-a4e5-01f089548a92",
    "unavailable_at": "2024-01-15"
  }
},
{
  "model": "derleng.package_unavailable_date",
  "pk": "82517ea2-d298-43bd-b0d0-63b0d4bdd7b3",
  "fields": {
    "package": "5ca50455-8276-4410-8561-23146eb724f2",
    "unavailable_at": "2024-01-15"
  }
},
{
  "model": "derleng.package_unavailable_date",
  "pk": "849548bb-3513-4e3c-8d79-bba52a4b20d0",
  "fields": {
    "package": "abae2460-75ec-4439-a4a3-666a72b8ea53",
    "unavailable_at": "2024-01-15"
  }
},
{
  "model": "derleng.package_unavailable_date",
  "pk": "890404f5-7b1c-4371-a2a1-776e249ddc57",
  "fields": {
    "package": "0ed81905-718d-4584-85df-460dc875fbe0",
    "unavailable_at": "2024-01-15"
  }
},
{
  "model": "derleng.package_unavailable_date",
  "pk": "8a8ac4fc-778c-4b1c-99ad-869cbe618f30",
  "fields": {
    "package": "28f6caf9-19e4-4480-919c-b31cb6a21ecb",
    "unavailable_at": "2024-01-14"
  }
},
{
  "model": "derleng.package_unavailable_date",
  "pk": "8cc012e8-2ee6-4847-a86e-bcf49e4d8c30",
  "fields": {
    "package": "c327b5ff-9c6b-4524-88cb-26c87ebc4279",
    "unavailable_at": "2024-01-14"
  }
},
{
  "model": "derleng.package_unavailable_date",
  "pk": "95977d40-570e-4748-8de3-cf336f66b663",
  "fields": {
    "package": "0ed81905-718d-4584-85df-460dc875fbe0",
    "unavailable_at": "2024-01-14"
  }
},
{
  "model": "derleng.package_unavailable_date",
  "pk": "97380329-8e1f-43af-ba08-3bfa0071933d",
  "fields": {
    "package": "0b566c2a-3e71-4c14-bdf5-0eed178c404c",
    "unavailable_at": "2024-01-15"
  }
},
{
  "model": "derleng.package_unavailable_date",
  "pk": "99fcf65f-5f59-403c-b783-b5d1b706dd94",
  "fields": {
    "package": "b92c86f7-3c89-43dd-873e-0c65b004bd02",
    "unavailable_at": "2024-01-14"
  }
},
{
  "model": "derleng.package_unavailable_date",
  "pk": "a12e7f7a-cd64-4461-9ed7-58ca5a235321",
  "fields": {
    "package": "9ad5999c-0937-4c98-8fcc-504ef98d9d10",
    "unavailable_at": "2024-01-14"
  }
},
{
  "model": "derleng.package_unavailable_date",
  "pk": "a476df64-37b5-4ead-b347-591909e8160c",
  "fields": {
    "package": "6fd827b8-976f-4748-89a5-e3a29083c98e",
    "unavailable_at": "2024-01-14"
  }
},
{
  "model": "derleng.package_unavailable_date",
  "pk": "a837998b-d494-46cc-a373-196f7a0058be",
  "fields": {
    "package": "5ca50455-8276-4410-8561-23146eb724f2",
    "unavailable_at": "2024-01-14"
  }
},
{
  "model": "derleng.package_unavailable_date",
  "pk": "a93c24c5-205d-44af-a2d5-b55226b3d6db",
  "fields": {
    "package": "c327b5ff-9c6b-4524-88cb-26c87ebc4279",
    "unavailable_at": "2024-01-15"
  }
},
{
  "model": "derleng.package_unavailable_date",
  "pk": "aef1085b-714f-436e-bbfe-e7def62f1fe7",
  "fields": {
    "package": "6683efb8-cf1e-4ca5-a781-ba44e8502689",
    "unavailable_at": "2024-01-14"
  }
},
{
  "model": "derleng.package_unavailable_date",
  "pk": "af35fbaf-03e3-4fcd-a4b3-91ee2961e394",
  "fields": {
    "package": "0ed81905-718d-4584-85df-460dc875fbe0",
    "unavailable_at": "2024-01-14"
  }
},
{
  "model": "derleng.package_unavailable_date",
  "pk": "b09a04b1-cbd9-445a-b655-37341e8d4ced",
  "fields": {
    "package": "b658776b-135d-40ba-a4e5-01f089548a92",
    "unavailable_at": "2024-01-14"
  }
},
{
  "model": "derleng.package_unavailable_date",
  "pk": "b2b4d45a-641e-47a9-a9b5-46a49c8e4b48",
  "fields": {
    "package": "b92c86f7-3c89-43dd-873e-0c65b004bd02",
    "unavailable_at": "2024-01-15"
  }
},
{
  "model": "derleng.package_unavailable_date",
  "pk": "b5e71ce8-e454-4d78-be04-81effdcb09d3",
  "fields": {
    "package": "ba122079-e791-42a1-8f5f-cc73aadf6532",
    "unavailable_at": "2024-01-14"
  }
},
{
  "model": "derleng.package_unavailable_date",
  "pk": "bbb6c193-788a-4daf-8c42-d33b132af05b",
  "fields": {
    "package": "3e35e1d0-5f6c-4975-a567-0b56f82ab03b",
    "unavailable_at": "2024-01-14"
  }
},
{
  "model": "derleng.package_unavailable_date",
  "pk": "c42bbe82-6871-475c-a99f-cb5cfb13d8af",
  "fields": {
    "package": "2ac3c355-a76d-419b-b721-66bd8b06f23a",
    "unavailable_at": "2024-01-14"
  }
},
{
  "model": "derleng.package_unavailable_date",
  "pk": "c5cb0ad2-5a88-4b0a-a07f-1109cce0f907",
  "fields": {
    "package": "0ed81905-718d-4584-85df-460dc875fbe0",
    "unavailable_at": "2024-01-14"
  }
},
{
  "model": "derleng.package_unavailable_date",
  "pk": "cbb11b41-5f8f-41ac-9f9e-19eca2e0f45d",
  "fields": {
    "package": "ba122079-e791-42a1-8f5f-cc73aadf6532",
    "unavailable_at": "2024-01-15"
  }
},
{
  "model": "derleng.package_unavailable_date",
  "pk": "d0384503-082e-4c33-9c8a-4f5c12f1a428",
  "fields": {
    "package": "0ed81905-718d-4584-85df-460dc875fbe0",
    "unavailable_at": "2024-01-15"
  }
},
{
  "model": "derleng.package_unavailable_date",
  "pk": "d22fceeb-24aa-4907-b7db-abdae71d8717",
  "fields": {
    "package": "6fd57721-5123-4fe0-b6c3-a0a17cb8d99e",
    "unavailable_at": "2024-01-15"
  }
},
{
  "model": "derleng.package_unavailable_date",
  "pk": "e01e83e7-6bf5-4e75-8670-3b89edd3814d",
  "fields": {
    "package": "74fc062f-c5b0-4534-8d61-05fe4e4ed5b0",
    "unavailable_at": "2024-01-14"
  }
},
{
  "model": "derleng.package_unavailable_date",
  "pk": "e9ef0589-4909-4c5c-968f-91bc1e66fb9d",
  "fields": {
    "package": "0ed81905-718d-4584-85df-460dc875fbe0",
    "unavailable_at": "2024-01-15"
  }
},
{
  "model": "derleng.package_unavailable_date",
  "pk": "f5dc15ae-0263-4cf9-94ac-ea3249fab0cc",
  "fields": {
    "package": "ec202cc9-21af-402d-905d-2535673c4cfb",
    "unavailable_at": "2024-01-15"
  }
},
{
  "model": "derleng.package_unavailable_date",
  "pk": "fec3ad3d-2b12-42d8-9084-241ea57d9667",
  "fields": {
    "package": "6fd827b8-976f-4748-89a5-e3a29083c98e",
    "unavailable_at": "2024-01-15"
  }
},
{
  "model": "derleng.review",
  "pk": "01d4360b-3da6-4497-be73-5420b7e2a756",
  "fields": {
    "user": "0a4619be-8be8-49cb-8655-d185e0535b94",
    "package": "28f6caf9-19e4-4480-919c-b31cb6a21ecb",
    "rating": 4,
    "comment": "so cool",
    "created_at": "2024-02-07T04:51:18.773Z"
  }
},
{
  "model": "derleng.review",
  "pk": "2d78f740-c385-4f77-af8b-8b6fbf896a08",
  "fields": {
    "user": "f21fc5eb-34d4-43ce-af59-e7b1788da440",
    "package": "6fd827b8-976f-4748-89a5-e3a29083c98e",
    "rating": 4,
    "comment": "Loy men",
    "created_at": "2024-02-07T04:46:48.339Z"
  }
},
{
  "model": "derleng.review",
  "pk": "44aa26c9-f08b-4195-b94e-6dbc2611eebe",
  "fields": {
    "user": "25075751-bbd8-48f7-af58-8d75bbb03362",
    "package": "28f6caf9-19e4-4480-919c-b31cb6a21ecb",
    "rating": 4,
    "comment": "havwefwhef",
    "created_at": "2024-02-07T04:51:04.230Z"
  }
},
{
  "model": "derleng.review",
  "pk": "4d2890a6-4434-4d09-89c1-4b44193bfc93",
  "fields": {
    "user": "0a4619be-8be8-49cb-8655-d185e0535b94",
    "package": "28f6caf9-19e4-4480-919c-b31cb6a21ecb",
    "rating": 5,
    "comment": "Loy men",
    "created_at": "2024-02-07T04:50:51.633Z"
  }
},
{
  "model": "derleng.review",
  "pk": "5798b188-4b88-4898-b6d4-a195fbb88c2d",
  "fields": {
    "user": "45e1c024-12ac-4107-a9c0-8c5aa5fa6a5d",
    "package": "b658776b-135d-40ba-a4e5-01f089548a92",
    "rating": 5,
    "comment": "ywhhhhhhhhhhhhhhh",
    "created_at": "2024-02-07T04:47:32.886Z"
  }
},
{
  "model": "derleng.review",
  "pk": "6bc00978-a1f1-4fbd-acc1-da1420b2d15f",
  "fields": {
    "user": "9ffc0c10-0c9d-439e-bb71-39758e870449",
    "package": "28f6caf9-19e4-4480-919c-b31cb6a21ecb",
    "rating": 5,
    "comment": "wowwwwwwwww",
    "created_at": "2024-02-07T04:47:49.034Z"
  }
},
{
  "model": "derleng.review",
  "pk": "7b424010-32b9-49dc-9bfd-92236a260c18",
  "fields": {
    "user": "3c807f9b-7e76-4bcc-832c-8a0b2864794f",
    "package": "28f6caf9-19e4-4480-919c-b31cb6a21ecb",
    "rating": 5,
    "comment": "gydfct hahaha",
    "created_at": "2024-02-07T04:50:38.649Z"
  }
},
{
  "model": "derleng.review",
  "pk": "896a6e00-8c96-4504-8355-6e536917a579",
  "fields": {
    "user": "38a42599-1550-4a4a-9de9-a7caf8068433",
    "package": "0b566c2a-3e71-4c14-bdf5-0eed178c404c",
    "rating": 5,
    "comment": "wow",
    "created_at": "2024-02-07T04:59:32.340Z"
  }
},
{
  "model": "derleng.review",
  "pk": "943862dd-409c-4d6c-bf2d-fb28ff22a03e",
  "fields": {
    "user": "05d02e5e-b56d-4933-882c-fa94ca8e8b0e",
    "package": "b658776b-135d-40ba-a4e5-01f089548a92",
    "rating": 5,
    "comment": "wowwwwwwwww",
    "created_at": "2024-02-07T04:47:16.445Z"
  }
},
{
  "model": "derleng.review",
  "pk": "b454f10c-22b5-494f-8566-5696b9370384",
  "fields": {
    "user": "f21fc5eb-34d4-43ce-af59-e7b1788da440",
    "package": "6fd827b8-976f-4748-89a5-e3a29083c98e",
    "rating": 3,
    "comment": "Loy nas",
    "created_at": "2024-02-07T04:47:01.382Z"
  }
},
{
  "model": "derleng.payment_method",
  "pk": "419c20b3-f945-41a9-97d3-c0cc59a39669",
  "fields": {
    "user": "0bb13a1d-e5f2-4c68-a5c4-0ee708168954",
    "type": "card",
    "holder_name": "Mr Tourguide",
    "brand": "VISA",
    "last4": "4242",
    "stripe_customer_id": "cus_PRlhiXYvTffQHx",
    "stripe_payment_method_id": "pm_1Ocs7fEhnoYmMdGF8u0IIlzd",
    "exp_month": 12,
    "exp_year": 26,
    "is_active": true,
    "is_default": true
  }
},
{
  "model": "derleng.payment_method",
  "pk": "a2edfd7d-2979-4ca5-9087-bae41cb6d790",
  "fields": {
    "user": "35e74bc7-c3d3-4e7d-be44-8c2ac13ca096",
    "type": "card",
    "holder_name": "Mr Customer",
    "brand": "VISA",
    "last4": "4242",
    "stripe_customer_id": "cus_PRlUPzXsShB0sX",
    "stripe_payment_method_id": "pm_1OcrwrEhnoYmMdGF4Se4lkHv",
    "exp_month": 12,
    "exp_year": 26,
    "is_active": true,
    "is_default": true
  }
},
{
  "model": "derleng.payment_method",
  "pk": "f8f8c1af-449c-4dd5-82f3-9a15190c7810",
  "fields": {
    "user": "33be413a-dd3e-477a-ac7a-e8280c33ebbf",
    "type": "card",
    "holder_name": "Mr Tourguide",
    "brand": "VISA",
    "last4": "4242",
    "stripe_customer_id": "cus_PRlXvx28Gh2WOY",
    "stripe_payment_method_id": "pm_1OcrzUEhnoYmMdGF7HKRdR8q",
    "exp_month": 12,
    "exp_year": 26,
    "is_active": true,
    "is_default": true
  }
},
{
  "model": "derleng.cart",
  "pk": "0c6eebec-8851-472b-82c4-46bd4e057d7b",
  "fields": {
    "user": "35e74bc7-c3d3-4e7d-be44-8c2ac13ca096",
    "service": "648a9eae-5690-4578-a782-f2d9184f5153",
    "customer_ammount": 6,
    "booking_date": "2022-01-25T15:30:00.123Z",
    "created_at": "2024-01-31T19:25:33.805Z"
  }
},
{
  "model": "derleng.cart",
  "pk": "18056c58-bdde-4530-9eeb-f94bbd9d2bdb",
  "fields": {
    "user": "35e74bc7-c3d3-4e7d-be44-8c2ac13ca096",
    "service": "1d80cce7-92ec-422d-95e6-3129533dfe07",
    "customer_ammount": 6,
    "booking_date": "2022-01-25T15:30:00.123Z",
    "created_at": "2024-01-31T19:33:55.537Z"
  }
},
{
  "model": "derleng.cart",
  "pk": "43e7e5eb-6a73-43fa-84f8-b5772bdb1f37",
  "fields": {
    "user": "35e74bc7-c3d3-4e7d-be44-8c2ac13ca096",
    "service": "d59b102d-a591-4a26-a951-b2c70d5bffb5",
    "customer_ammount": 6,
    "booking_date": "2022-01-25T15:30:00.123Z",
    "created_at": "2024-01-31T19:46:11.598Z"
  }
},
{
  "model": "derleng.cart",
  "pk": "5e25737e-6e75-4e36-beb5-e2390da974c9",
  "fields": {
    "user": "33be413a-dd3e-477a-ac7a-e8280c33ebbf",
    "service": "648a9eae-5690-4578-a782-f2d9184f5153",
    "customer_ammount": 6,
    "booking_date": "2022-01-25T15:30:00.123Z",
    "created_at": "2024-01-31T18:30:49.340Z"
  }
},
{
  "model": "derleng.cart",
  "pk": "6e378b75-fef8-475b-b811-eb7df056a9cd",
  "fields": {
    "user": "0bb13a1d-e5f2-4c68-a5c4-0ee708168954",
    "service": "648a9eae-5690-4578-a782-f2d9184f5153",
    "customer_ammount": 4,
    "booking_date": "2022-01-25T15:30:00.123Z",
    "created_at": "2024-01-26T21:12:35.319Z"
  }
},
{
  "model": "derleng.cart",
  "pk": "92f0fa8a-d030-42c4-a283-c7cd47eb72b7",
  "fields": {
    "user": "35e74bc7-c3d3-4e7d-be44-8c2ac13ca096",
    "service": "648a9eae-5690-4578-a782-f2d9184f5153",
    "customer_ammount": 4,
    "booking_date": "2022-01-25T15:30:00.123Z",
    "created_at": "2024-01-27T18:19:11.155Z"
  }
},
{
  "model": "derleng.cart",
  "pk": "b2771546-7843-47ba-ace2-0d95e22e2aff",
  "fields": {
    "user": "35e74bc7-c3d3-4e7d-be44-8c2ac13ca096",
    "service": "575c0917-e69a-4ed5-989d-418316aa6d78",
    "customer_ammount": 6,
    "booking_date": "2022-01-25T15:30:00.123Z",
    "created_at": "2024-01-31T19:37:10.546Z"
  }
},
{
  "model": "derleng.cart",
  "pk": "de5b3faf-7783-49ea-8dc8-535b41575852",
  "fields": {
    "user": "33be413a-dd3e-477a-ac7a-e8280c33ebbf",
    "service": "648a9eae-5690-4578-a782-f2d9184f5153",
    "customer_ammount": 4,
    "booking_date": "2022-01-25T15:30:00.123Z",
    "created_at": "2024-01-31T18:30:30.647Z"
  }
},
{
  "model": "derleng.cart",
  "pk": "fdc77cf3-53bc-49fe-9c90-3232afb18ae5",
  "fields": {
    "user": "0bb13a1d-e5f2-4c68-a5c4-0ee708168954",
    "service": "648a9eae-5690-4578-a782-f2d9184f5153",
    "customer_ammount": 4,
    "booking_date": "2022-01-25T15:30:00.123Z",
    "created_at": "2024-01-26T21:19:08.697Z"
  }
},
{
  "model": "derleng.booking",
  "pk": "339c1fa4-0590-43b2-b575-a46892c2728b",
  "fields": {
    "customer": "35e74bc7-c3d3-4e7d-be44-8c2ac13ca096",
    "total_price": 1000,
    "currency": "usd",
    "created_at": "2024-01-31T19:47:01.938Z"
  }
},
{
  "model": "derleng.booking",
  "pk": "43dd2f03-bec4-47ec-90fd-dbbe5f31f20e",
  "fields": {
    "customer": "0bb13a1d-e5f2-4c68-a5c4-0ee708168954",
    "total_price": 10,
    "currency": "usd",
    "created_at": "2024-01-26T21:44:02.205Z"
  }
},
{
  "model": "derleng.booking",
  "pk": "4a331894-18e0-41d8-a1e7-e91705205699",
  "fields": {
    "customer": "35e74bc7-c3d3-4e7d-be44-8c2ac13ca096",
    "total_price": 1000,
    "currency": "usd",
    "created_at": "2024-01-31T19:38:45.808Z"
  }
},
{
  "model": "derleng.booking",
  "pk": "5d9eada7-0ecb-4969-abd5-44a843929741",
  "fields": {
    "customer": "0bb13a1d-e5f2-4c68-a5c4-0ee708168954",
    "total_price": 10,
    "currency": "usd",
    "created_at": "2024-01-26T21:43:02.352Z"
  }
},
{
  "model": "derleng.booking",
  "pk": "633c10b4-41a2-486c-abf2-df157e06f13e",
  "fields": {
    "customer": "35e74bc7-c3d3-4e7d-be44-8c2ac13ca096",
    "total_price": 2000,
    "currency": "usd",
    "created_at": "2024-01-31T19:26:13.937Z"
  }
},
{
  "model": "derleng.booking",
  "pk": "70f72a62-d9af-44a1-bb50-f419dc001bbc",
  "fields": {
    "customer": "0bb13a1d-e5f2-4c68-a5c4-0ee708168954",
    "total_price": 1000,
    "currency": "usd",
    "created_at": "2024-01-27T05:53:20.914Z"
  }
},
{
  "model": "derleng.booking",
  "pk": "7d0fcfbd-f81f-4eb4-9931-5e1251dde70b",
  "fields": {
    "customer": "33be413a-dd3e-477a-ac7a-e8280c33ebbf",
    "total_price": 2000,
    "currency": "usd",
    "created_at": "2024-01-31T18:35:39.322Z"
  }
},
{
  "model": "derleng.booking",
  "pk": "a92908ac-2f9c-43cf-8043-1aaf203237bc",
  "fields": {
    "customer": "0bb13a1d-e5f2-4c68-a5c4-0ee708168954",
    "total_price": 1000,
    "currency": "usd",
    "created_at": "2024-01-27T05:54:18.125Z"
  }
},
{
  "model": "derleng.booking",
  "pk": "d9965dc5-cd57-4ab1-920c-353a13696231",
  "fields": {
    "customer": "0bb13a1d-e5f2-4c68-a5c4-0ee708168954",
    "total_price": 1000,
    "currency": "usd",
    "created_at": "2024-01-27T07:53:12.749Z"
  }
},
{
  "model": "derleng.booking",
  "pk": "dd0d5e66-6008-415d-863c-49b6c610d950",
  "fields": {
    "customer": "35e74bc7-c3d3-4e7d-be44-8c2ac13ca096",
    "total_price": 2000,
    "currency": "usd",
    "created_at": "2024-01-31T19:18:29.413Z"
  }
},
{
  "model": "derleng.booking_details",
  "pk": "01d7a7ef-3c4b-4c18-96c5-083fae4219eb",
  "fields": {
    "cart": "92f0fa8a-d030-42c4-a283-c7cd47eb72b7",
    "booking": "633c10b4-41a2-486c-abf2-df157e06f13e",
    "unit_price": 1000,
    "currency": "usd",
    "percentage_discount": "0.00",
    "is_accepted": false,
    "is_closed": false,
    "created_at": "2024-01-31T19:26:13.994Z"
  }
},
{
  "model": "derleng.booking_details",
  "pk": "08dee6b9-5492-4d2d-96a5-9f4952e642dc",
  "fields": {
    "cart": "43e7e5eb-6a73-43fa-84f8-b5772bdb1f37",
    "booking": "339c1fa4-0590-43b2-b575-a46892c2728b",
    "unit_price": 1000,
    "currency": "usd",
    "percentage_discount": "0.00",
    "is_accepted": false,
    "is_closed": false,
    "created_at": "2024-01-31T19:47:01.963Z"
  }
},
{
  "model": "derleng.booking_details",
  "pk": "14dd8975-8e83-413d-b12e-20500740519b",
  "fields": {
    "cart": "5e25737e-6e75-4e36-beb5-e2390da974c9",
    "booking": "dd0d5e66-6008-415d-863c-49b6c610d950",
    "unit_price": 1000,
    "currency": "usd",
    "percentage_discount": "0.00",
    "is_accepted": false,
    "is_closed": false,
    "created_at": "2024-01-31T19:18:29.437Z"
  }
},
{
  "model": "derleng.booking_details",
  "pk": "1ee751a5-47f6-47f9-ac24-a2469123bb0d",
  "fields": {
    "cart": "0c6eebec-8851-472b-82c4-46bd4e057d7b",
    "booking": "633c10b4-41a2-486c-abf2-df157e06f13e",
    "unit_price": 1000,
    "currency": "usd",
    "percentage_discount": "0.00",
    "is_accepted": false,
    "is_closed": false,
    "created_at": "2024-01-31T19:26:13.980Z"
  }
},
{
  "model": "derleng.booking_details",
  "pk": "20c0cd47-9fd0-4982-abc5-6c485093162e",
  "fields": {
    "cart": "b2771546-7843-47ba-ace2-0d95e22e2aff",
    "booking": "4a331894-18e0-41d8-a1e7-e91705205699",
    "unit_price": 1000,
    "currency": "usd",
    "percentage_discount": "0.00",
    "is_accepted": true,
    "is_closed": false,
    "created_at": "2024-01-31T19:38:45.831Z"
  }
},
{
  "model": "derleng.booking_details",
  "pk": "2e9ab532-6c70-4949-99e0-6d14fa19f1c9",
  "fields": {
    "cart": "de5b3faf-7783-49ea-8dc8-535b41575852",
    "booking": "7d0fcfbd-f81f-4eb4-9931-5e1251dde70b",
    "unit_price": 1000,
    "currency": "usd",
    "percentage_discount": "0.00",
    "is_accepted": false,
    "is_closed": false,
    "created_at": "2024-01-31T18:35:39.364Z"
  }
},
{
  "model": "derleng.booking_details",
  "pk": "3b9916b4-a06b-41f9-bfda-28b482c2933c",
  "fields": {
    "cart": null,
    "booking": "a92908ac-2f9c-43cf-8043-1aaf203237bc",
    "unit_price": 1000,
    "currency": "usd",
    "percentage_discount": "0.00",
    "is_accepted": false,
    "is_closed": false,
    "created_at": "2024-01-27T05:54:18.149Z"
  }
},
{
  "model": "derleng.booking_details",
  "pk": "441ae1e8-e14f-4d94-95e8-056a4eef1610",
  "fields": {
    "cart": null,
    "booking": "70f72a62-d9af-44a1-bb50-f419dc001bbc",
    "unit_price": 1000,
    "currency": "usd",
    "percentage_discount": "0.00",
    "is_accepted": false,
    "is_closed": false,
    "created_at": "2024-01-27T05:53:20.939Z"
  }
},
{
  "model": "derleng.booking_details",
  "pk": "495c683f-5c3d-4008-b940-dd1a57254826",
  "fields": {
    "cart": null,
    "booking": "d9965dc5-cd57-4ab1-920c-353a13696231",
    "unit_price": 1000,
    "currency": "usd",
    "percentage_discount": "0.00",
    "is_accepted": false,
    "is_closed": false,
    "created_at": "2024-01-27T07:53:12.782Z"
  }
},
{
  "model": "derleng.booking_details",
  "pk": "85e9ff96-84e1-4548-a1a1-9e156c41e2b0",
  "fields": {
    "cart": "de5b3faf-7783-49ea-8dc8-535b41575852",
    "booking": "dd0d5e66-6008-415d-863c-49b6c610d950",
    "unit_price": 1000,
    "currency": "usd",
    "percentage_discount": "0.00",
    "is_accepted": false,
    "is_closed": false,
    "created_at": "2024-01-31T19:18:29.450Z"
  }
},
{
  "model": "derleng.booking_details",
  "pk": "908943c7-12f3-4895-b6d8-e64d3e8da96c",
  "fields": {
    "cart": "5e25737e-6e75-4e36-beb5-e2390da974c9",
    "booking": "7d0fcfbd-f81f-4eb4-9931-5e1251dde70b",
    "unit_price": 1000,
    "currency": "usd",
    "percentage_discount": "0.00",
    "is_accepted": false,
    "is_closed": false,
    "created_at": "2024-01-31T18:35:39.352Z"
  }
},
{
  "model": "derleng.booking_details",
  "pk": "d16978c0-4a59-465a-951d-19cf34d91a63",
  "fields": {
    "cart": null,
    "booking": "5d9eada7-0ecb-4969-abd5-44a843929741",
    "unit_price": 10,
    "currency": "usd",
    "percentage_discount": "0.00",
    "is_accepted": true,
    "is_closed": false,
    "created_at": "2024-01-26T21:43:02.382Z"
  }
},
{
  "model": "derleng.booking_details",
  "pk": "f49cc243-0f2d-4856-9ae4-14c8d47725c3",
  "fields": {
    "cart": null,
    "booking": "43dd2f03-bec4-47ec-90fd-dbbe5f31f20e",
    "unit_price": 10,
    "currency": "usd",
    "percentage_discount": "0.00",
    "is_accepted": false,
    "is_closed": false,
    "created_at": "2024-01-26T21:44:02.228Z"
  }
},
{
  "model": "derleng.customer_payments",
  "pk": "16fa8282-51fc-431c-bb7f-fb4b2466779f",
  "fields": {
    "customer": "0bb13a1d-e5f2-4c68-a5c4-0ee708168954",
    "booking": "d9965dc5-cd57-4ab1-920c-353a13696231",
    "amount": 1000,
    "amount_received": 1000,
    "currency": "usd",
    "payment_method": "419c20b3-f945-41a9-97d3-c0cc59a39669",
    "status": "succeeded",
    "created": 1706341991
  }
},
{
  "model": "derleng.customer_payments",
  "pk": "207868ba-6868-47ab-95b0-ed3eee8936f3",
  "fields": {
    "customer": "35e74bc7-c3d3-4e7d-be44-8c2ac13ca096",
    "booking": "dd0d5e66-6008-415d-863c-49b6c610d950",
    "amount": 2000,
    "amount_received": 2000,
    "currency": "usd",
    "payment_method": "419c20b3-f945-41a9-97d3-c0cc59a39669",
    "status": "succeeded",
    "created": 1706728709
  }
},
{
  "model": "derleng.customer_payments",
  "pk": "506ae06a-59d9-49a8-a217-f8153883acdf",
  "fields": {
    "customer": "35e74bc7-c3d3-4e7d-be44-8c2ac13ca096",
    "booking": "339c1fa4-0590-43b2-b575-a46892c2728b",
    "amount": 1000,
    "amount_received": 1000,
    "currency": "usd",
    "payment_method": "a2edfd7d-2979-4ca5-9087-bae41cb6d790",
    "status": "succeeded",
    "created": 1706730421
  }
},
{
  "model": "derleng.customer_payments",
  "pk": "7675fad8-4430-4b74-a2a1-f7b3f61d45cf",
  "fields": {
    "customer": "35e74bc7-c3d3-4e7d-be44-8c2ac13ca096",
    "booking": "4a331894-18e0-41d8-a1e7-e91705205699",
    "amount": 1000,
    "amount_received": 1000,
    "currency": "usd",
    "payment_method": "a2edfd7d-2979-4ca5-9087-bae41cb6d790",
    "status": "succeeded",
    "created": 1706729925
  }
},
{
  "model": "derleng.customer_payments",
  "pk": "76fd4875-accb-4870-8620-c95c747461ec",
  "fields": {
    "customer": "33be413a-dd3e-477a-ac7a-e8280c33ebbf",
    "booking": "7d0fcfbd-f81f-4eb4-9931-5e1251dde70b",
    "amount": 2000,
    "amount_received": 2000,
    "currency": "usd",
    "payment_method": "419c20b3-f945-41a9-97d3-c0cc59a39669",
    "status": "succeeded",
    "created": 1706726139
  }
},
{
  "model": "derleng.customer_payments",
  "pk": "e91bbc4e-c86b-4ca3-b16e-8eb08dc5de77",
  "fields": {
    "customer": "35e74bc7-c3d3-4e7d-be44-8c2ac13ca096",
    "booking": "633c10b4-41a2-486c-abf2-df157e06f13e",
    "amount": 2000,
    "amount_received": 2000,
    "currency": "usd",
    "payment_method": "419c20b3-f945-41a9-97d3-c0cc59a39669",
    "status": "succeeded",
    "created": 1706729173
  }
}
]
